epoch,objective,train_loss,train_accuracy,valid_loss,valid_accuracy,st_worker_timestamp,st_worker_time,st_worker_iter,st_decision,st_status,trial_id,config_signal,config_background,config_channel,config_model,config_optimizer,config_scheduler,config_initLR,config_nNodes,config_weight_decay,config_max_epochs,st_tuner_time
1,0.0006759249567985,0.0006761100850244,0.5629532383095774,0.0006759249567985,0.5665,1722125963.7941468,10.17959101300221,0,CONTINUE,InProgress,3,MHc-130_MA-90,ttZ,Combined,ParticleNet,RMSprop,ReduceLROnPlateau,0.0001882165304864,52,0.0033278758312367,81,30.11380967698642
1,0.0007046285650746,0.0007027995365802,0.5005001250312578,0.0007042064815759,0.497,1722125963.79419,10.207815250993008,0,CONTINUE,InProgress,4,MHc-130_MA-90,ttZ,Combined,ParticleNet,Adadelta,ExponentialLR,0.0058796028801387,40,9.032015351565142e-05,81,30.117336724011693
1,0.0006977658122777,0.0006980451718662,0.4858714678669667,0.0006977658122777,0.49375,1722125963.8163853,10.223923732992262,0,CONTINUE,InProgress,2,MHc-130_MA-90,ttZ,Combined,ParticleNet,Adam,CyclicLR,0.0001241830821568,65,3.1602462667339045e-05,81,30.1173878099944
1,0.0006966464221477,0.0006977862851504,0.4996249062265566,0.0006966464221477,0.50325,1722125963.9228444,10.306191990006482,0,CONTINUE,InProgress,0,MHc-130_MA-90,ttZ,Combined,ParticleNet,Adam,ExponentialLR,0.001,64,0.0003162277660168,81,30.117424980009677
1,0.0006985177343354,0.0006983558120772,0.4728682170542636,0.0006984803676605,0.4705,1722125963.9716775,10.384371369000291,0,CONTINUE,InProgress,1,MHc-130_MA-90,ttZ,Combined,ParticleNet,Adadelta,CyclicLR,0.0003807170922352,66,1.4977658426189138e-05,81,30.117454977007583
2,0.0007098437622167,0.0007075319985623,0.501937984496124,0.0007093102782964,0.49725,1722125965.585858,11.999483113002498,1,CONTINUE,InProgress,4,MHc-130_MA-90,ttZ,Combined,ParticleNet,Adadelta,ExponentialLR,0.0058796028801387,40,9.032015351565142e-05,81,30.11748388200067
2,0.0006929170936346,0.0006930874970353,0.5215678919729932,0.0006929170936346,0.52375,1722125965.6216536,12.029192052985309,1,CONTINUE,InProgress,2,MHc-130_MA-90,ttZ,Combined,ParticleNet,Adam,CyclicLR,0.0001241830821568,65,3.1602462667339045e-05,81,30.117510392010445
2,0.0006496690615653,0.0006482754946947,0.6247811952988247,0.0006493474692106,0.62375,1722125965.622218,12.007662841002457,1,CONTINUE,InProgress,3,MHc-130_MA-90,ttZ,Combined,ParticleNet,RMSprop,ReduceLROnPlateau,0.0001882165304864,52,0.0033278758312367,81,30.117547522007957
2,0.0006676350764388,0.000666877356849,0.5995248812203051,0.0006674602180719,0.603,1722125965.780789,12.164136537990998,1,CONTINUE,InProgress,0,MHc-130_MA-90,ttZ,Combined,ParticleNet,Adam,ExponentialLR,0.001,64,0.0003162277660168,81,30.11757531398325
2,0.0007014238983392,0.0007020046738393,0.4794323580895224,0.0007014238983392,0.47675,1722125965.8346407,12.247334758983923,1,CONTINUE,InProgress,1,MHc-130_MA-90,ttZ,Combined,ParticleNet,Adadelta,CyclicLR,0.0003807170922352,66,1.4977658426189138e-05,81,30.117606652987888
3,0.0007078813724963,0.0007062594118223,0.5094398599649912,0.0007075070738792,0.4995,1722125967.725303,14.138928391999798,2,CONTINUE,InProgress,4,MHc-130_MA-90,ttZ,Combined,ParticleNet,Adadelta,ExponentialLR,0.0058796028801387,40,9.032015351565142e-05,81,35.15168493401143
3,0.0006855665633442,0.0006833697526447,0.5539509877469367,0.0006850596070289,0.54725,1722125967.757333,14.164871426008176,2,CONTINUE,InProgress,2,MHc-130_MA-90,ttZ,Combined,ParticleNet,Adam,CyclicLR,0.0001241830821568,65,3.1602462667339045e-05,81,35.15173788298853
3,0.0006471020504295,0.0006461399000684,0.6245936484121031,0.0006468800157308,0.63175,1722125967.762495,14.147939949994909,2,CONTINUE,InProgress,3,MHc-130_MA-90,ttZ,Combined,ParticleNet,RMSprop,ReduceLROnPlateau,0.0001882165304864,52,0.0033278758312367,81,35.15177019400289
3,0.000654414393172,0.0006504781985765,0.6274693673418354,0.0006535060405731,0.61925,1722125968.0129154,14.39626280599623,2,CONTINUE,InProgress,0,MHc-130_MA-90,ttZ,Combined,ParticleNet,Adam,ExponentialLR,0.001,64,0.0003162277660168,81,35.15179921899107
3,0.0007038889378309,0.0007043181247608,0.4816829207301825,0.0007038889378309,0.491,1722125968.0563557,14.469049466977594,2,CONTINUE,InProgress,1,MHc-130_MA-90,ttZ,Combined,ParticleNet,Adadelta,CyclicLR,0.0003807170922352,66,1.4977658426189138e-05,81,35.151827852998395
4,0.0006374252215821,0.0006318876492318,0.6490372593148287,0.0006361473202705,0.641,1722125969.4148598,15.800304472009884,3,CONTINUE,InProgress,3,MHc-130_MA-90,ttZ,Combined,ParticleNet,RMSprop,ReduceLROnPlateau,0.0001882165304864,52,0.0033278758312367,81,35.15185662798467
4,0.0007063525753457,0.0007044841987426,0.510752688172043,0.0007059214115142,0.506,1722125969.4360714,15.84969644001103,3,CONTINUE,InProgress,4,MHc-130_MA-90,ttZ,Combined,ParticleNet,Adadelta,ExponentialLR,0.0058796028801387,40,9.032015351565142e-05,81,35.15188523198594
4,0.0006826008564153,0.0006795844515432,0.5655163790947737,0.0006819047629833,0.5595,1722125969.4742773,15.881815759988967,3,CONTINUE,InProgress,2,MHc-130_MA-90,ttZ,Combined,ParticleNet,Adam,CyclicLR,0.0001241830821568,65,3.1602462667339045e-05,81,35.15191307399073
4,0.0006548363619664,0.0006494407923288,0.6315953988497124,0.0006535912305116,0.62425,1722125969.7343936,16.117741207999643,3,CONTINUE,InProgress,0,MHc-130_MA-90,ttZ,Combined,ParticleNet,Adam,ExponentialLR,0.001,64,0.0003162277660168,81,35.15194810999674
4,0.0007045796066522,0.0007051270837991,0.4847461865466366,0.0007045796066522,0.49,1722125969.7704644,16.18315830998472,3,CONTINUE,InProgress,1,MHc-130_MA-90,ttZ,Combined,ParticleNet,Adadelta,CyclicLR,0.0003807170922352,66,1.4977658426189138e-05,81,35.15197624301072
5,0.0006368910781441,0.0006289887455112,0.6517254313578394,0.0006350674629211,0.64375,1722125971.50424,17.88968444202328,4,CONTINUE,InProgress,3,MHc-130_MA-90,ttZ,Combined,ParticleNet,RMSprop,ReduceLROnPlateau,0.0001882165304864,52,0.0033278758312367,81,35.15209678100655
5,0.0007049871015944,0.0007032210318915,0.5111277819454864,0.0007045795470476,0.50775,1722125971.5315268,17.94515183698968,4,STOP,InProgress,4,MHc-130_MA-90,ttZ,Combined,ParticleNet,Adadelta,ExponentialLR,0.0058796028801387,40,9.032015351565142e-05,81,35.15219616799732
5,0.0006810207777323,0.0006776493760936,0.5723930982745686,0.0006802427619695,0.57075,1722125971.5649006,17.97243924700888,4,STOP,InProgress,2,MHc-130_MA-90,ttZ,Combined,ParticleNet,Adam,CyclicLR,0.0001241830821568,65,3.1602462667339045e-05,81,35.152482949983096
5,0.0006518546403303,0.0006444939570773,0.6374718679669917,0.0006501560211181,0.62475,1722125971.923252,18.306599364994327,4,CONTINUE,InProgress,0,MHc-130_MA-90,ttZ,Combined,ParticleNet,Adam,ExponentialLR,0.001,64,0.0003162277660168,81,35.152708465000615
5,0.000704150468111,0.0007049112871129,0.4865591397849462,0.000704150468111,0.49325,1722125971.96244,18.37513407098595,4,STOP,InProgress,1,MHc-130_MA-90,ttZ,Combined,ParticleNet,Adadelta,CyclicLR,0.0003807170922352,66,1.4977658426189138e-05,81,35.15280631999485
6,0.0006346538544025,0.0006261165588013,0.6571642910727682,0.0006326837092638,0.64275,1722125973.1331055,19.518550275010057,5,CONTINUE,InProgress,3,MHc-130_MA-90,ttZ,Combined,ParticleNet,RMSprop,ReduceLROnPlateau,0.0001882165304864,52,0.0033278758312367,81,40.493473181006266
6,0.0006492084063125,0.0006415055420554,0.6384096024006002,0.0006474308222532,0.6245,1722125973.521746,19.905094057001406,5,CONTINUE,InProgress,0,MHc-130_MA-90,ttZ,Combined,ParticleNet,Adam,ExponentialLR,0.001,64,0.0003162277660168,81,40.49349555399385
7,0.0006303283907389,0.0006233703221163,0.6611027756939235,0.0006287226825952,0.64825,1722125974.594715,20.980159249011194,6,CONTINUE,InProgress,3,MHc-130_MA-90,ttZ,Combined,ParticleNet,RMSprop,ReduceLROnPlateau,0.0001882165304864,52,0.0033278758312367,81,40.49351118298364
7,0.0006459409283299,0.0006383485937452,0.6418479619904977,0.000644188851118,0.6285,1722125974.9375086,21.320856434991583,6,CONTINUE,InProgress,0,MHc-130_MA-90,ttZ,Combined,ParticleNet,Adam,ExponentialLR,0.001,64,0.0003162277660168,81,40.493525559984846
8,0.0006311333014152,0.0006225723926947,0.6596024006001501,0.0006291577070951,0.649,1722125976.503956,22.889400590007423,7,CONTINUE,InProgress,3,MHc-130_MA-90,ttZ,Combined,ParticleNet,RMSprop,ReduceLROnPlateau,0.0001882165304864,52,0.0033278758312367,81,40.49353979699663
8,0.0006440319402932,0.0006361469033957,0.6431607901975493,0.0006422123163938,0.63375,1722125976.8938403,23.2771877500054,7,CONTINUE,InProgress,0,MHc-130_MA-90,ttZ,Combined,ParticleNet,Adam,ExponentialLR,0.001,64,0.0003162277660168,81,40.49355371299316
9,0.0006237462125981,0.0006184177074947,0.6674168542135533,0.0006225165575742,0.65525,1722125977.917344,24.302787815016927,8,CONTINUE,InProgress,3,MHc-130_MA-90,ttZ,Combined,ParticleNet,RMSprop,ReduceLROnPlateau,0.0001882165304864,52,0.0033278758312367,81,40.49356748900027
9,0.0006411700358973,0.0006319552838847,0.6481620405101275,0.0006390435546636,0.6395,1722125978.29766,24.681006867002,8,CONTINUE,InProgress,0,MHc-130_MA-90,ttZ,Combined,ParticleNet,Adam,ExponentialLR,0.001,64,0.0003162277660168,81,45.49501712899655
10,0.0006226894377443,0.0006151612951446,0.6687296824206052,0.0006209521740674,0.66375,1722125979.74261,26.12805373701849,9,CONTINUE,InProgress,3,MHc-130_MA-90,ttZ,Combined,ParticleNet,RMSprop,ReduceLROnPlateau,0.0001882165304864,52,0.0033278758312367,81,45.49710291600786
10,0.0006377761770584,0.0006273828631313,0.6517879469867467,0.0006353777199983,0.64075,1722125980.133076,26.51642281498061,9,CONTINUE,InProgress,0,MHc-130_MA-90,ttZ,Combined,ParticleNet,Adam,ExponentialLR,0.001,64,0.0003162277660168,81,45.49712374500814
11,0.0006198447995072,0.000612094752429,0.6709177294323581,0.0006180563271045,0.66675,1722125981.1370275,27.52247155099758,10,CONTINUE,InProgress,3,MHc-130_MA-90,ttZ,Combined,ParticleNet,RMSprop,ReduceLROnPlateau,0.0001882165304864,52,0.0033278758312367,81,45.497138864011504
11,0.0006353718231404,0.0006227357055461,0.6568517129282321,0.0006324557960033,0.64375,1722125981.5620322,27.945378923992397,10,CONTINUE,InProgress,0,MHc-130_MA-90,ttZ,Combined,ParticleNet,Adam,ExponentialLR,0.001,64,0.0003162277660168,81,45.49715288999141
12,0.0006263757677026,0.0006148849622581,0.6710427606901725,0.0006237240433692,0.655,1722125982.9467535,29.33219792501768,11,CONTINUE,InProgress,3,MHc-130_MA-90,ttZ,Combined,ParticleNet,RMSprop,ReduceLROnPlateau,0.0001882165304864,52,0.0033278758312367,81,45.497166446002666
12,0.0006352622607721,0.0006228561221316,0.6577894473618404,0.0006323993057012,0.64475,1722125983.370368,29.75371458299924,11,CONTINUE,InProgress,0,MHc-130_MA-90,ttZ,Combined,ParticleNet,Adam,ExponentialLR,0.001,64,0.0003162277660168,81,50.51348859400605
13,0.0006183670207746,0.0006084095935399,0.6774193548387096,0.0006160691529512,0.66575,1722125984.37508,30.76052385399817,12,CONTINUE,InProgress,3,MHc-130_MA-90,ttZ,Combined,ParticleNet,RMSprop,ReduceLROnPlateau,0.0001882165304864,52,0.0033278758312367,81,50.51352045399835
13,0.0006340663866851,0.0006213613296038,0.6607901975493874,0.0006311344504356,0.6495,1722125984.790544,31.173890910984483,12,CONTINUE,InProgress,0,MHc-130_MA-90,ttZ,Combined,ParticleNet,Adam,ExponentialLR,0.001,64,0.0003162277660168,81,50.51354401899152
14,0.0006210980820895,0.0006106403260625,0.6783570892723181,0.0006186847537755,0.66475,1722125986.19773,32.583173960010754,13,CONTINUE,InProgress,3,MHc-130_MA-90,ttZ,Combined,ParticleNet,RMSprop,ReduceLROnPlateau,0.0001882165304864,52,0.0033278758312367,81,50.51356590000796
14,0.0006330785641881,0.0006189663377694,0.6634158539634909,0.000629821896553,0.649,1722125986.6199944,33.00334145099623,13,CONTINUE,InProgress,0,MHc-130_MA-90,ttZ,Combined,ParticleNet,Adam,ExponentialLR,0.001,64,0.0003162277660168,81,50.51358701000572
15,0.0006184016618584,0.0006094429829204,0.6781070267566892,0.0006163342744112,0.66425,1722125987.609935,33.995378904015524,14,CONTINUE,InProgress,3,MHc-130_MA-90,ttZ,Combined,ParticleNet,RMSprop,ReduceLROnPlateau,0.0001882165304864,52,0.0033278758312367,81,50.51369521400193
15,0.0006329226751056,0.0006187406815001,0.6628532133033258,0.0006296499073505,0.6475,1722125988.070893,34.45424010200077,14,STOP,InProgress,0,MHc-130_MA-90,ttZ,Combined,ParticleNet,Adam,ExponentialLR,0.001,64,0.0003162277660168,81,55.51530929398723
16,0.0006149969270744,0.0006052127560248,0.6866716679169792,0.0006127390414476,0.671,1722125989.466488,35.85193204501411,15,CONTINUE,InProgress,3,MHc-130_MA-90,ttZ,Combined,ParticleNet,RMSprop,ReduceLROnPlateau,0.0001882165304864,52,0.0033278758312367,81,55.515503670991166
17,0.0006129475744803,0.0006020138802663,0.6890472618154538,0.000610424414277,0.679,1722125990.8928854,37.27832970500458,16,CONTINUE,InProgress,3,MHc-130_MA-90,ttZ,Combined,ParticleNet,RMSprop,ReduceLROnPlateau,0.0001882165304864,52,0.0033278758312367,81,55.51552776698372
18,0.0006094694321003,0.0005993135804443,0.6885471367841961,0.0006071257740259,0.6825,1722125992.3059654,38.69140899900231,17,CONTINUE,InProgress,3,MHc-130_MA-90,ttZ,Combined,ParticleNet,RMSprop,ReduceLROnPlateau,0.0001882165304864,52,0.0033278758312367,81,55.515546681999695
19,0.0006115538571798,0.0006029396936219,0.6901100275068767,0.0006095659732818,0.683,1722125994.1752074,40.56065113801742,18,CONTINUE,InProgress,3,MHc-130_MA-90,ttZ,Combined,ParticleNet,RMSprop,ReduceLROnPlateau,0.0001882165304864,52,0.0033278758312367,81,60.81145303600351
20,0.0006064348202335,0.0005951323272824,0.6997374343585896,0.0006038265526294,0.6895,1722125995.5670805,41.95252451000852,19,CONTINUE,InProgress,3,MHc-130_MA-90,ttZ,Combined,ParticleNet,RMSprop,ReduceLROnPlateau,0.0001882165304864,52,0.0033278758312367,81,60.81385280500399
21,0.0006066394761786,0.0005958171882281,0.6997999499874968,0.0006041420251131,0.6875,1722125997.4834864,43.868930122000165,20,CONTINUE,InProgress,3,MHc-130_MA-90,ttZ,Combined,ParticleNet,RMSprop,ReduceLROnPlateau,0.0001882165304864,52,0.0033278758312367,81,60.81387436599471
1,0.0006871743798255,0.0006875809012844,0.5687046761690423,0.0006871743798255,0.571,1722125998.3222768,9.615238238999154,0,CONTINUE,InProgress,5,MHc-130_MA-90,ttZ,Combined,ParticleNet,Adam,ReduceLROnPlateau,0.0001752129278142,90,4.1373105303498606e-05,81,65.83189568200032
1,0.0006973728171536,0.000696193444547,0.5081270317579395,0.0006971006542444,0.50525,1722125998.3862643,9.550916542997584,0,CONTINUE,InProgress,6,MHc-130_MA-90,ttZ,Combined,ParticleNet,RMSprop,ReduceLROnPlateau,0.0069127308645847,42,0.0064814178485307,81,65.83191697200527
1,0.0006923065632581,0.0006930852314924,0.503313328332083,0.0006923065632581,0.5115,1722125998.543441,9.441988892009247,0,CONTINUE,InProgress,7,MHc-130_MA-90,ttZ,Combined,ParticleNet,Adam,CyclicLR,0.0003491532505111,45,0.0051043539744932,81,65.83193313298398
22,0.0006025595071569,0.0005942994943407,0.6985496374093524,0.0006006533503532,0.68775,1722125998.9948993,45.38034308300121,21,CONTINUE,InProgress,3,MHc-130_MA-90,ttZ,Combined,ParticleNet,RMSprop,ReduceLROnPlateau,0.0001882165304864,52,0.0033278758312367,81,65.83195059600985
2,0.0006692507266998,0.0006692524133965,0.5935233808452113,0.0006692507266998,0.59125,1722125999.9572415,11.250203052011784,1,CONTINUE,InProgress,5,MHc-130_MA-90,ttZ,Combined,ParticleNet,Adam,ReduceLROnPlateau,0.0001752129278142,90,4.1373105303498606e-05,81,65.83196515298914
2,0.0006915322615734,0.0006912860178178,0.5005001250312578,0.0006914754360914,0.497,1722125999.9923043,11.156957147002686,1,CONTINUE,InProgress,6,MHc-130_MA-90,ttZ,Combined,ParticleNet,RMSprop,ReduceLROnPlateau,0.0069127308645847,42,0.0064814178485307,81,65.8319792500115
2,0.0006901085674762,0.0006906998533104,0.5128157039259815,0.0006901085674762,0.51475,1722126000.1692672,11.06781525700353,1,CONTINUE,InProgress,7,MHc-130_MA-90,ttZ,Combined,ParticleNet,Adam,CyclicLR,0.0003491532505111,45,0.0051043539744932,81,65.83199296600651
23,0.0006089269476809,0.0005965495398712,0.6936109027256814,0.0006060706228017,0.686,1722126001.0232215,47.40866561801522,22,CONTINUE,InProgress,3,MHc-130_MA-90,ttZ,Combined,ParticleNet,RMSprop,ReduceLROnPlateau,0.0001882165304864,52,0.0033278758312367,81,65.83200740299071
3,0.0006931565552949,0.0006938060728363,0.4994998749687422,0.0006931565552949,0.503,1722126002.0260563,13.190708698006349,2,CONTINUE,InProgress,6,MHc-130_MA-90,ttZ,Combined,ParticleNet,RMSprop,ReduceLROnPlateau,0.0069127308645847,42,0.0064814178485307,81,65.83202148901182
3,0.0006674842387437,0.0006675311597355,0.5982120530132533,0.0006674842387437,0.59875,1722126002.079672,13.37263363902457,2,CONTINUE,InProgress,5,MHc-130_MA-90,ttZ,Combined,ParticleNet,Adam,ReduceLROnPlateau,0.0001752129278142,90,4.1373105303498606e-05,81,65.83203549598693
3,0.0006927850246429,0.0006944622008852,0.5351337834458615,0.0006927850246429,0.5385,1722126002.209381,13.10792909702286,2,CONTINUE,InProgress,7,MHc-130_MA-90,ttZ,Combined,ParticleNet,Adam,CyclicLR,0.0003491532505111,45,0.0051043539744932,81,65.83204913200461
24,0.0006046747228691,0.0005908476789166,0.7080520130032508,0.0006014838665723,0.6855,1722126002.618903,49.0043469700031,23,CONTINUE,InProgress,3,MHc-130_MA-90,ttZ,Combined,ParticleNet,RMSprop,ReduceLROnPlateau,0.0001882165304864,52,0.0033278758312367,81,65.83206466099364
4,0.000809665001362,0.0008056140014546,0.5005001250312578,0.0008087301552295,0.497,1722126003.6632233,14.82787518700934,3,CONTINUE,InProgress,6,MHc-130_MA-90,ttZ,Combined,ParticleNet,RMSprop,ReduceLROnPlateau,0.0069127308645847,42,0.0064814178485307,81,70.8372017799993
4,0.0006648973077535,0.0006649086708782,0.6076519129782446,0.0006648973077535,0.59925,1722126003.7225718,15.015533649013378,3,CONTINUE,InProgress,5,MHc-130_MA-90,ttZ,Combined,ParticleNet,Adam,ReduceLROnPlateau,0.0001752129278142,90,4.1373105303498606e-05,81,70.83722455298994
4,0.0006901118308305,0.0006926602856997,0.5580770192548137,0.0006901118308305,0.56625,1722126003.8039477,14.70249586601858,3,CONTINUE,InProgress,7,MHc-130_MA-90,ttZ,Combined,ParticleNet,Adam,CyclicLR,0.0003491532505111,45,0.0051043539744932,81,70.83724012199673
25,0.0006131283473885,0.0005969893048482,0.6957364341085271,0.0006094039529561,0.67675,1722126004.2048595,50.59030323900515,24,CONTINUE,InProgress,3,MHc-130_MA-90,ttZ,Combined,ParticleNet,RMSprop,ReduceLROnPlateau,0.0001882165304864,52,0.0033278758312367,81,70.83725598198362
5,0.0006837719976902,0.0006858758380574,0.5390097524381096,0.0006837719976902,0.54675,1722126005.6606724,16.825324905017624,4,STOP,InProgress,6,MHc-130_MA-90,ttZ,Combined,ParticleNet,RMSprop,ReduceLROnPlateau,0.0069127308645847,42,0.0064814178485307,81,70.8373512320104
5,0.0006621276369621,0.0006611218979192,0.6126531632908228,0.0006618955433368,0.6035,1722126005.8049312,17.097892368008615,4,CONTINUE,InProgress,5,MHc-130_MA-90,ttZ,Combined,ParticleNet,Adam,ReduceLROnPlateau,0.0001752129278142,90,4.1373105303498606e-05,81,70.83752814598847
5,0.0006785731613636,0.0006807771331818,0.5778319579894974,0.0006785731613636,0.58225,1722126005.8117862,16.7103341500042,4,STOP,InProgress,7,MHc-130_MA-90,ttZ,Combined,ParticleNet,Adam,CyclicLR,0.0003491532505111,45,0.0051043539744932,81,70.83757070600404
26,0.0006027127704715,0.000590156587728,0.7023630907726932,0.0005998151898384,0.68675,1722126006.2598689,52.64531275100308,25,CONTINUE,InProgress,3,MHc-130_MA-90,ttZ,Combined,ParticleNet,RMSprop,ReduceLROnPlateau,0.0001882165304864,52,0.0033278758312367,81,70.83765901299194
6,0.0006603562147867,0.0006582966094375,0.6189672418104526,0.0006598809212446,0.6085,1722126007.3991194,18.69208074201015,5,CONTINUE,InProgress,5,MHc-130_MA-90,ttZ,Combined,ParticleNet,Adam,ReduceLROnPlateau,0.0001752129278142,90,4.1373105303498606e-05,81,70.8376753339835
27,0.000608397652761,0.0005938039105604,0.6988622155538885,0.0006050298660993,0.69,1722126007.7608063,54.14625025101122,26,CONTINUE,InProgress,3,MHc-130_MA-90,ttZ,Combined,ParticleNet,RMSprop,ReduceLROnPlateau,0.0001882165304864,52,0.0033278758312367,81,70.83768990100361
7,0.0006586952079073,0.0006576677349753,0.6200925231307827,0.0006584580987691,0.612,1722126008.973042,20.26600364001933,6,CONTINUE,InProgress,5,MHc-130_MA-90,ttZ,Combined,ParticleNet,Adam,ReduceLROnPlateau,0.0001752129278142,90,4.1373105303498606e-05,81,76.24248280900065
28,0.0006028802558969,0.0005886403172574,0.706176544136034,0.0005995941162109,0.69,1722126009.7048934,56.0903374570189,27,CONTINUE,InProgress,3,MHc-130_MA-90,ttZ,Combined,ParticleNet,RMSprop,ReduceLROnPlateau,0.0001882165304864,52,0.0033278758312367,81,76.24520040801144
8,0.0006576795711297,0.0006561290177442,0.62128032008002,0.0006573217511177,0.61525,1722126010.9743,22.267261615023017,7,CONTINUE,InProgress,5,MHc-130_MA-90,ttZ,Combined,ParticleNet,Adam,ReduceLROnPlateau,0.0001752129278142,90,4.1373105303498606e-05,81,76.24522759899264
29,0.0005945283981323,0.0005812964034873,0.7147411852963241,0.0005914748609066,0.7,1722126011.1499012,57.53534500001115,28,CONTINUE,InProgress,3,MHc-130_MA-90,ttZ,Combined,ParticleNet,RMSprop,ReduceLROnPlateau,0.0001882165304864,52,0.0033278758312367,81,76.24524739698973
9,0.0006569093552752,0.0006559821971507,0.6235933983495874,0.000656695395708,0.619,1722126012.5522828,23.845244054013165,8,CONTINUE,InProgress,5,MHc-130_MA-90,ttZ,Combined,ParticleNet,Adam,ReduceLROnPlateau,0.0001752129278142,90,4.1373105303498606e-05,81,76.24526334699476
30,0.0005993619233123,0.0005832764805183,0.7160540135033758,0.0005956498980522,0.70375,1722126013.0341868,59.41963087199838,29,CONTINUE,InProgress,3,MHc-130_MA-90,ttZ,Combined,ParticleNet,RMSprop,ReduceLROnPlateau,0.0001882165304864,52,0.0033278758312367,81,76.24527748298715
31,0.0006017274076106,0.0005911017625324,0.7065516379094774,0.0005992753356695,0.7025,1722126014.388101,60.773545002011815,30,CONTINUE,InProgress,3,MHc-130_MA-90,ttZ,Combined,ParticleNet,RMSprop,ReduceLROnPlateau,0.0001882165304864,52,0.0033278758312367,81,81.26628167901072
10,0.0006559651534291,0.0006546337967009,0.6252813203300825,0.0006556579172611,0.619,1722126014.4878995,25.780860944010783,9,CONTINUE,InProgress,5,MHc-130_MA-90,ttZ,Combined,ParticleNet,Adam,ReduceLROnPlateau,0.0001752129278142,90,4.1373105303498606e-05,81,81.26630312899943
32,0.0005964785125366,0.0005827294301617,0.7148037009252313,0.0005933056473731,0.70025,1722126015.8550797,62.24052367100376,31,CONTINUE,InProgress,3,MHc-130_MA-90,ttZ,Combined,ParticleNet,RMSprop,ReduceLROnPlateau,0.0001882165304864,52,0.0033278758312367,81,81.26631804800127
11,0.0006545493260093,0.0006522287030791,0.6291572893223306,0.0006540137976408,0.625,1722126016.028947,27.321908094018,10,CONTINUE,InProgress,5,MHc-130_MA-90,ttZ,Combined,ParticleNet,Adam,ReduceLROnPlateau,0.0001752129278142,90,4.1373105303498606e-05,81,81.26633188399137
33,0.0005964589575035,0.0005814362187837,0.7165541385346337,0.0005929921716451,0.70625,1722126017.6661649,64.05160889000399,32,CONTINUE,InProgress,3,MHc-130_MA-90,ttZ,Combined,ParticleNet,RMSprop,ReduceLROnPlateau,0.0001882165304864,52,0.0033278758312367,81,81.26634604000719
12,0.0006527533100922,0.0006492262029385,0.6319079769942486,0.0006519393622875,0.62675,1722126017.981765,29.274726048024604,11,CONTINUE,InProgress,5,MHc-130_MA-90,ttZ,Combined,ParticleNet,Adam,ReduceLROnPlateau,0.0001752129278142,90,4.1373105303498606e-05,81,81.26635963600711
1,0.000691790446639,0.0006923506701997,0.5095648912228057,0.000691790446639,0.50975,1722126018.614185,9.253291088010885,0,CONTINUE,InProgress,8,MHc-130_MA-90,ttZ,Combined,ParticleNet,RMSprop,ReduceLROnPlateau,0.0001417701930656,37,0.0045201869587881,81,81.26637357199797
34,0.0005956330589217,0.0005781660305914,0.717491872968242,0.0005916022062301,0.69375,1722126019.151419,65.53686262000701,33,CONTINUE,InProgress,3,MHc-130_MA-90,ttZ,Combined,ParticleNet,RMSprop,ReduceLROnPlateau,0.0001882165304864,52,0.0033278758312367,81,86.2677018730028
13,0.0006522668770903,0.0006484545545597,0.6345336334083521,0.0006513871103525,0.62875,1722126019.5290496,30.822010850999504,12,CONTINUE,InProgress,5,MHc-130_MA-90,ttZ,Combined,ParticleNet,Adam,ReduceLROnPlateau,0.0001752129278142,90,4.1373105303498606e-05,81,86.26772872399306
2,0.0006724930442875,0.000670989346999,0.5841460365091273,0.0006721460372209,0.58475,1722126020.0612502,10.700355964014308,1,CONTINUE,InProgress,8,MHc-130_MA-90,ttZ,Combined,ParticleNet,RMSprop,ReduceLROnPlateau,0.0001417701930656,37,0.0045201869587881,81,86.26774500400643
35,0.0006024531495041,0.0005826549839752,0.7131157789447362,0.0005978843420743,0.69975,1722126021.003651,67.38909461599542,34,CONTINUE,InProgress,3,MHc-130_MA-90,ttZ,Combined,ParticleNet,RMSprop,ReduceLROnPlateau,0.0001882165304864,52,0.0033278758312367,81,86.26775914098835
14,0.0006513441399902,0.0006471012429494,0.63615903975994,0.0006503650099039,0.62875,1722126021.510586,32.803547025017906,13,CONTINUE,InProgress,5,MHc-130_MA-90,ttZ,Combined,ParticleNet,Adam,ReduceLROnPlateau,0.0001752129278142,90,4.1373105303498606e-05,81,86.26777268698788
3,0.0006553536446378,0.0006532351369707,0.6169042260565142,0.000654864758253,0.60875,1722126021.977744,12.616849882004315,2,CONTINUE,InProgress,8,MHc-130_MA-90,ttZ,Combined,ParticleNet,RMSprop,ReduceLROnPlateau,0.0001417701930656,37,0.0045201869587881,81,86.26778573100455
36,0.0005960951475433,0.0005816047297146,0.7152413103275819,0.0005927512049674,0.69975,1722126022.4594426,68.84488662201329,35,CONTINUE,InProgress,3,MHc-130_MA-90,ttZ,Combined,ParticleNet,RMSprop,ReduceLROnPlateau,0.0001882165304864,52,0.0033278758312367,81,86.26779900598922
15,0.000650945660947,0.0006459043655851,0.6366591647911978,0.0006497822850942,0.629,1722126023.0893817,34.382342689001234,14,STOP,InProgress,5,MHc-130_MA-90,ttZ,Combined,ParticleNet,Adam,ReduceLROnPlateau,0.0001752129278142,90,4.1373105303498606e-05,81,86.26788295499864
4,0.0006458921936954,0.0006419747330063,0.6332833208302076,0.0006449881643056,0.622,1722126023.4683206,14.107426378002856,3,CONTINUE,InProgress,8,MHc-130_MA-90,ttZ,Combined,ParticleNet,RMSprop,ReduceLROnPlateau,0.0001417701930656,37,0.0045201869587881,81,86.26802517299075
37,0.0005997367372625,0.0005766527336458,0.720492623155789,0.0005944096595048,0.7025,1722126024.329805,70.71524862601655,36,CONTINUE,InProgress,3,MHc-130_MA-90,ttZ,Combined,ParticleNet,RMSprop,ReduceLROnPlateau,0.0001882165304864,52,0.0033278758312367,81,91.6806361360068
5,0.0006395467247291,0.0006342040513211,0.644161040260065,0.0006383138000965,0.63475,1722126025.2812812,15.92038738701376,4,CONTINUE,InProgress,8,MHc-130_MA-90,ttZ,Combined,ParticleNet,RMSprop,ReduceLROnPlateau,0.0001417701930656,37,0.0045201869587881,81,91.68386152299354
38,0.0006014125139471,0.00058071188597,0.7181795448862216,0.0005966354459524,0.6995,1722126025.6987698,72.08421362101217,37,CONTINUE,InProgress,3,MHc-130_MA-90,ttZ,Combined,ParticleNet,RMSprop,ReduceLROnPlateau,0.0001882165304864,52,0.0033278758312367,81,91.68388557899743
6,0.000641149314679,0.0006343300162508,0.6425356339084771,0.0006395756304264,0.633,1722126026.704592,17.343697941018036,5,CONTINUE,InProgress,8,MHc-130_MA-90,ttZ,Combined,ParticleNet,RMSprop,ReduceLROnPlateau,0.0001417701930656,37,0.0045201869587881,81,91.68390184899908
39,0.0005991087822339,0.0005822254921919,0.7176169042260565,0.0005952126383781,0.70375,1722126027.5597496,73.94519374801894,38,CONTINUE,InProgress,3,MHc-130_MA-90,ttZ,Combined,ParticleNet,RMSprop,ReduceLROnPlateau,0.0001882165304864,52,0.0033278758312367,81,91.6839161659882
7,0.0006374367072418,0.0006286611360858,0.6516629157289322,0.0006354115754365,0.64675,1722126028.1225462,18.7616519050207,6,CONTINUE,InProgress,8,MHc-130_MA-90,ttZ,Combined,ParticleNet,RMSprop,ReduceLROnPlateau,0.0001417701930656,37,0.0045201869587881,81,91.6839303529996
40,0.0006142576370866,0.0006011370406445,0.6849212303075769,0.0006112298071384,0.67875,1722126028.9446757,75.33011940700817,39,CONTINUE,InProgress,3,MHc-130_MA-90,ttZ,Combined,ParticleNet,RMSprop,ReduceLROnPlateau,0.0001882165304864,52,0.0033278758312367,81,91.68394408898894
8,0.0006399028126907,0.0006286889150697,0.6515378844711178,0.0006373149901628,0.64025,1722126029.984022,20.623128538019955,7,CONTINUE,InProgress,8,MHc-130_MA-90,ttZ,Combined,ParticleNet,RMSprop,ReduceLROnPlateau,0.0001417701930656,37,0.0045201869587881,81,96.7068315790093
41,0.0006262853722586,0.0006031399780465,0.6802325581395349,0.0006209441274404,0.65275,1722126030.328961,76.71440447701025,40,CONTINUE,InProgress,3,MHc-130_MA-90,ttZ,Combined,ParticleNet,RMSprop,ReduceLROnPlateau,0.0001882165304864,52,0.0033278758312367,81,96.70685707699158
9,0.0006292932133912,0.0006235294355157,0.6614153538384596,0.0006279631108045,0.65025,1722126031.4139838,22.05308907202561,8,CONTINUE,InProgress,8,MHc-130_MA-90,ttZ,Combined,ParticleNet,RMSprop,ReduceLROnPlateau,0.0001417701930656,37,0.0045201869587881,81,96.70687551199808
42,0.0006027086931348,0.0005823335638043,0.7076144036009002,0.0005980067402124,0.68775,1722126032.1780746,78.5635184480052,41,CONTINUE,InProgress,3,MHc-130_MA-90,ttZ,Combined,ParticleNet,RMSprop,ReduceLROnPlateau,0.0001882165304864,52,0.0033278758312367,81,96.70689333599876
10,0.0006248918411667,0.0006158285198822,0.6710427606901725,0.0006228003054857,0.661,1722126033.2524378,23.891542985016716,9,CONTINUE,InProgress,8,MHc-130_MA-90,ttZ,Combined,ParticleNet,RMSprop,ReduceLROnPlateau,0.0001417701930656,37,0.0045201869587881,81,96.70691104899744
43,0.000605986094098,0.0005896737737099,0.7016129032258065,0.00060222171247,0.68525,1722126033.6160595,80.00150358700193,42,CONTINUE,InProgress,3,MHc-130_MA-90,ttZ,Combined,ParticleNet,RMSprop,ReduceLROnPlateau,0.0001882165304864,52,0.0033278758312367,81,96.70692889299244
1,0.0006582912991526,0.0006549572513889,0.6140910227556889,0.0006575219035148,0.61125,1722126034.2001345,9.444135161989834,0,CONTINUE,InProgress,10,MHc-130_MA-90,ttZ,Combined,ParticleNet,RMSprop,ExponentialLR,0.0002963157074801,52,0.0005253360412863,81,101.70839019399136
1,0.000690653309226,0.0006914639933522,0.5108152038009502,0.000690653309226,0.51975,1722126034.2507474,9.585769060999157,0,CONTINUE,InProgress,9,MHc-130_MA-90,ttZ,Combined,ParticleNet,Adam,ReduceLROnPlateau,0.000199026919446,48,0.0014303451161351,81,101.70841660400038
11,0.0006235755025367,0.000613646015849,0.6734808702175544,0.0006212840825319,0.65825,1722126034.6989064,25.338011575018754,10,CONTINUE,InProgress,8,MHc-130_MA-90,ttZ,Combined,ParticleNet,RMSprop,ReduceLROnPlateau,0.0001417701930656,37,0.0045201869587881,81,101.70843701300328
44,0.0005945650562353,0.0005726917486364,0.7213053263315828,0.0005895173698663,0.699,1722126035.5223844,81.90782800302259,43,CONTINUE,InProgress,3,MHc-130_MA-90,ttZ,Combined,ParticleNet,RMSprop,ReduceLROnPlateau,0.0001882165304864,52,0.0033278758312367,81,101.70845569801168
2,0.0006498052159635,0.0006447405435347,0.632033008252063,0.000648636445403,0.624,1722126035.6671796,10.911179885995807,1,CONTINUE,InProgress,10,MHc-130_MA-90,ttZ,Combined,ParticleNet,RMSprop,ExponentialLR,0.0002963157074801,52,0.0005253360412863,81,101.70847258999127
2,0.0006850813478231,0.0006875061383692,0.5271317829457365,0.0006850813478231,0.53575,1722126035.6984737,11.033495034003865,1,CONTINUE,InProgress,9,MHc-130_MA-90,ttZ,Combined,ParticleNet,Adam,ReduceLROnPlateau,0.000199026919446,48,0.0014303451161351,81,101.70848910100176
12,0.0006309354504772,0.0006186139862309,0.6660415103775944,0.0006280920356512,0.65175,1722126036.6152062,27.254311387019698,11,CONTINUE,InProgress,8,MHc-130_MA-90,ttZ,Combined,ParticleNet,RMSprop,ReduceLROnPlateau,0.0001417701930656,37,0.0045201869587881,81,101.70850612298818
45,0.0006307764400498,0.0006169816439495,0.670042510627657,0.0006275930255651,0.66,1722126036.927422,83.31286589000956,44,CONTINUE,InProgress,3,MHc-130_MA-90,ttZ,Combined,ParticleNet,RMSprop,ReduceLROnPlateau,0.0001882165304864,52,0.0033278758312367,81,101.70859084298718
3,0.000641924410144,0.0006359192461453,0.639472368092023,0.0006405386030673,0.624,1722126037.6041658,12.848166199983098,2,CONTINUE,InProgress,10,MHc-130_MA-90,ttZ,Combined,ParticleNet,RMSprop,ExponentialLR,0.0002963157074801,52,0.0005253360412863,81,101.70860845598509
3,0.0006819083094596,0.0006849936028664,0.5456989247311828,0.0006819083094596,0.5525,1722126037.6432729,12.978294284024742,2,CONTINUE,InProgress,9,MHc-130_MA-90,ttZ,Combined,ParticleNet,Adam,ReduceLROnPlateau,0.000199026919446,48,0.0014303451161351,81,101.70862305400078
13,0.0006255197470629,0.0006136079711239,0.6752313078269567,0.0006227708756923,0.66075,1722126038.0605028,28.699608106020605,12,CONTINUE,InProgress,8,MHc-130_MA-90,ttZ,Combined,ParticleNet,RMSprop,ReduceLROnPlateau,0.0001417701930656,37,0.0045201869587881,81,101.7086371500045
46,0.0005882029218315,0.0005708166765373,0.7258064516129032,0.000584190711379,0.71325,1722126038.8633623,85.24880650101113,45,CONTINUE,InProgress,3,MHc-130_MA-90,ttZ,Combined,ParticleNet,RMSprop,ReduceLROnPlateau,0.0001882165304864,52,0.0033278758312367,81,101.708651457011
4,0.0006365545569721,0.000629958028971,0.6517254313578394,0.0006350322812795,0.6325,1722126039.0801153,14.324115689989412,3,CONTINUE,InProgress,10,MHc-130_MA-90,ttZ,Combined,ParticleNet,RMSprop,ExponentialLR,0.0002963157074801,52,0.0005253360412863,81,101.70866487300373
4,0.000680281817913,0.0006828655650181,0.5583270817704427,0.000680281817913,0.56475,1722126039.141289,14.47631074200035,3,CONTINUE,InProgress,9,MHc-130_MA-90,ttZ,Combined,ParticleNet,Adam,ReduceLROnPlateau,0.000199026919446,48,0.0014303451161351,81,101.70867904898478
14,0.0006252009270764,0.000613989860423,0.6707926981745437,0.0006226137578487,0.66025,1722126039.940466,30.57957112902659,13,CONTINUE,InProgress,8,MHc-130_MA-90,ttZ,Combined,ParticleNet,RMSprop,ReduceLROnPlateau,0.0001417701930656,37,0.0045201869587881,81,106.71628114100896
47,0.0005914080786273,0.0005765771658666,0.7218054513628407,0.0005879855602979,0.7065,1722126040.3159227,86.70136671801447,46,CONTINUE,InProgress,3,MHc-130_MA-90,ttZ,Combined,ParticleNet,RMSprop,ReduceLROnPlateau,0.0001882165304864,52,0.0033278758312367,81,106.72137285099598
5,0.000636163059352,0.0006266967688062,0.6537259314828707,0.0006339785307645,0.6405,1722126041.011039,16.255039473006036,4,CONTINUE,InProgress,10,MHc-130_MA-90,ttZ,Combined,ParticleNet,RMSprop,ExponentialLR,0.0002963157074801,52,0.0005253360412863,81,106.72149175498636
5,0.0006778966635465,0.0006803932801637,0.5680170042510627,0.0006778966635465,0.5725,1722126041.1298437,16.46486495100544,4,STOP,InProgress,9,MHc-130_MA-90,ttZ,Combined,ParticleNet,Adam,ReduceLROnPlateau,0.000199026919446,48,0.0014303451161351,81,106.72155377198942
15,0.0006252952671596,0.0006085100450286,0.6790447611902976,0.0006214217543601,0.66025,1722126041.439448,32.07855333900079,14,CONTINUE,InProgress,8,MHc-130_MA-90,ttZ,Combined,ParticleNet,RMSprop,ReduceLROnPlateau,0.0001417701930656,37,0.0045201869587881,81,106.72179297398544
48,0.0006036039024099,0.0005850450795541,0.7069267316829208,0.0005993210971355,0.687,1722126041.8100665,88.19551000601496,47,CONTINUE,InProgress,3,MHc-130_MA-90,ttZ,Combined,ParticleNet,RMSprop,ReduceLROnPlateau,0.0001882165304864,52,0.0033278758312367,81,106.72182473298744
6,0.0006318994194112,0.0006224962175414,0.6602900725181295,0.0006297294497489,0.6445,1722126042.5159209,17.759921477991156,5,CONTINUE,InProgress,10,MHc-130_MA-90,ttZ,Combined,ParticleNet,RMSprop,ExponentialLR,0.0002963157074801,52,0.0005253360412863,81,106.72184782699333
16,0.000627402146772,0.0006132143665832,0.6731057764441111,0.0006241280436515,0.65225,1722126043.4296386,34.068743797019124,15,CONTINUE,InProgress,8,MHc-130_MA-90,ttZ,Combined,ParticleNet,RMSprop,ReduceLROnPlateau,0.0001417701930656,37,0.0045201869587881,81,106.72187209301046
49,0.0005944124330558,0.0005795548642745,0.7141160290072518,0.0005909837633371,0.696,1722126043.8060014,90.19144544602024,48,CONTINUE,InProgress,3,MHc-130_MA-90,ttZ,Combined,ParticleNet,RMSprop,ReduceLROnPlateau,0.0001882165304864,52,0.0033278758312367,81,106.72189327300292
7,0.000630771319377,0.0006201888776236,0.6657914478619655,0.0006283292174339,0.65075,1722126044.0343957,19.27839571598452,6,CONTINUE,InProgress,10,MHc-130_MA-90,ttZ,Combined,ParticleNet,RMSprop,ExponentialLR,0.0002963157074801,52,0.0005253360412863,81,106.7219145130075
17,0.0006310001414652,0.0006185665588791,0.6676044011002751,0.0006281308531761,0.65375,1722126044.9720616,35.61116691402276,16,CONTINUE,InProgress,8,MHc-130_MA-90,ttZ,Combined,ParticleNet,RMSprop,ReduceLROnPlateau,0.0001417701930656,37,0.0045201869587881,81,112.06362003300455
50,0.0006038156633639,0.000581650185895,0.7104276069017255,0.0005987005531787,0.68525,1722126045.3857217,91.77116522399592,49,CONTINUE,InProgress,3,MHc-130_MA-90,ttZ,Combined,ParticleNet,RMSprop,ReduceLROnPlateau,0.0001882165304864,52,0.0033278758312367,81,112.06364229499012
8,0.0006277266841026,0.000617544329533,0.6679794948737184,0.0006253769099712,0.656,1722126045.9719462,21.215946857002564,7,CONTINUE,InProgress,10,MHc-130_MA-90,ttZ,Combined,ParticleNet,RMSprop,ExponentialLR,0.0002963157074801,52,0.0005253360412863,81,112.06365810500574
18,0.0006250130648105,0.0006123603202605,0.6754188547136785,0.0006220932006835,0.658,1722126046.4622211,37.1013263920031,17,CONTINUE,InProgress,8,MHc-130_MA-90,ttZ,Combined,ParticleNet,RMSprop,ReduceLROnPlateau,0.0001417701930656,37,0.0045201869587881,81,112.0636722210038
51,0.0005914173810287,0.0005708653335423,0.7237434358589647,0.0005866746008396,0.71075,1722126047.3903155,93.77575901400996,50,CONTINUE,InProgress,3,MHc-130_MA-90,ttZ,Combined,ParticleNet,RMSprop,ReduceLROnPlateau,0.0001882165304864,52,0.0033278758312367,81,112.06368638799177
9,0.000627714265229,0.0006181734573784,0.6674168542135533,0.0006255125403404,0.6535,1722126047.4201815,22.66418145800708,8,CONTINUE,InProgress,10,MHc-130_MA-90,ttZ,Combined,ParticleNet,RMSprop,ExponentialLR,0.0002963157074801,52,0.0005253360412863,81,112.06370050500846
19,0.00061615836346,0.0006025948317893,0.6902350587646912,0.0006130283176898,0.673,1722126048.3921857,39.03129098401405,18,CONTINUE,InProgress,8,MHc-130_MA-90,ttZ,Combined,ParticleNet,RMSprop,ReduceLROnPlateau,0.0001417701930656,37,0.0045201869587881,81,112.06372175499564
52,0.0006040186068346,0.0005824636350306,0.7087396849212303,0.0005990443825721,0.6895,1722126048.897525,95.28296857100212,51,CONTINUE,InProgress,3,MHc-130_MA-90,ttZ,Combined,ParticleNet,RMSprop,ReduceLROnPlateau,0.0001882165304864,52,0.0033278758312367,81,112.06373619200896
10,0.0006214544606126,0.0006094715108749,0.6729807451862966,0.0006186891645193,0.661,1722126049.342682,24.586681802989915,9,CONTINUE,InProgress,10,MHc-130_MA-90,ttZ,Combined,ParticleNet,RMSprop,ExponentialLR,0.0002963157074801,52,0.0005253360412863,81,112.06374982799753
1,0.0006931606233119,0.0006938177470893,0.4996874218554639,0.0006931606233119,0.5035,1722126049.629708,9.425591864011947,0,CONTINUE,InProgress,11,MHc-130_MA-90,ttZ,Combined,ParticleNet,Adam,ExponentialLR,0.0002148241687505,50,5.022153006719687e-05,81,117.06533812900308
20,0.0006213339348943,0.0006044883710439,0.6833583395848962,0.0006174464970827,0.66275,1722126049.8766148,40.51572025800124,19,CONTINUE,InProgress,8,MHc-130_MA-90,ttZ,Combined,ParticleNet,RMSprop,ReduceLROnPlateau,0.0001417701930656,37,0.0045201869587881,81,117.06536002998472
53,0.0005997049757057,0.0005792965961116,0.7147411852963241,0.0005949953496456,0.698,1722126050.463721,96.84916487601004,52,CONTINUE,InProgress,3,MHc-130_MA-90,ttZ,Combined,ParticleNet,RMSprop,ReduceLROnPlateau,0.0001882165304864,52,0.0033278758312367,81,117.0653762310103
11,0.0006182400216789,0.000606301584134,0.6838584646161541,0.0006154849976301,0.67075,1722126050.8765192,26.1205188150052,10,CONTINUE,InProgress,10,MHc-130_MA-90,ttZ,Combined,ParticleNet,RMSprop,ExponentialLR,0.0002963157074801,52,0.0005253360412863,81,117.06539090900333
2,0.0006836928095917,0.0006836798451011,0.540510127531883,0.0006836898177862,0.5435,1722126051.142696,10.938580137997633,1,CONTINUE,InProgress,11,MHc-130_MA-90,ttZ,Combined,ParticleNet,Adam,ExponentialLR,0.0002148241687505,50,5.022153006719687e-05,81,117.06540476498776
21,0.0006161460413947,0.0006031054061602,0.6865466366591648,0.0006131366640329,0.668,1722126051.8133776,42.45248295000056,20,CONTINUE,InProgress,8,MHc-130_MA-90,ttZ,Combined,ParticleNet,RMSprop,ReduceLROnPlateau,0.0001417701930656,37,0.0045201869587881,81,117.0654192219954
54,0.0006054787936654,0.0005931419174383,0.6966116529132284,0.0006026318222284,0.68575,1722126052.3503158,98.7357593550114,53,CONTINUE,InProgress,3,MHc-130_MA-90,ttZ,Combined,ParticleNet,RMSprop,ReduceLROnPlateau,0.0001882165304864,52,0.0033278758312367,81,117.0654336590087
12,0.0006242319683271,0.0006120966043612,0.677231807951988,0.0006214314997196,0.66325,1722126052.7367,27.98069978298736,11,CONTINUE,InProgress,10,MHc-130_MA-90,ttZ,Combined,ParticleNet,RMSprop,ExponentialLR,0.0002963157074801,52,0.0005253360412863,81,117.06544721499084
3,0.000673661828041,0.000673849576263,0.5813953488372093,0.000673661828041,0.58125,1722126053.114135,12.91001894499641,2,CONTINUE,InProgress,11,MHc-130_MA-90,ttZ,Combined,ParticleNet,Adam,ExponentialLR,0.0002148241687505,50,5.022153006719687e-05,81,117.06546131198412
22,0.0006233621504026,0.0006091844800055,0.6779819954988747,0.000620090380311,0.6645,1722126053.362049,44.00115468000877,21,CONTINUE,InProgress,8,MHc-130_MA-90,ttZ,Combined,ParticleNet,RMSprop,ReduceLROnPlateau,0.0001417701930656,37,0.0045201869587881,81,117.06547481700544
55,0.0005936220493293,0.0005714196276742,0.7239309827456865,0.0005884984135627,0.711,1722126053.8578684,100.2433127220138,54,CONTINUE,InProgress,3,MHc-130_MA-90,ttZ,Combined,ParticleNet,RMSprop,ReduceLROnPlateau,0.0001882165304864,52,0.0033278758312367,81,117.0654882119852
13,0.000630154974336,0.0006186869456548,0.653788447111778,0.0006275085061788,0.647,1722126054.2251968,29.469196674006525,12,CONTINUE,InProgress,10,MHc-130_MA-90,ttZ,Combined,ParticleNet,RMSprop,ExponentialLR,0.0002963157074801,52,0.0005253360412863,81,117.06550148699898
4,0.0006687211616541,0.0006683287277135,0.5948362090522631,0.0006686305999755,0.5965,1722126054.6486115,14.444495614996413,3,CONTINUE,InProgress,11,MHc-130_MA-90,ttZ,Combined,ParticleNet,Adam,ExponentialLR,0.0002148241687505,50,5.022153006719687e-05,81,122.06722145699314
23,0.0006189139494726,0.0006016119587984,0.6910477619404851,0.000614921182394,0.6655,1722126055.3265462,45.965651306003565,22,CONTINUE,InProgress,8,MHc-130_MA-90,ttZ,Combined,ParticleNet,RMSprop,ReduceLROnPlateau,0.0001417701930656,37,0.0045201869587881,81,122.07149375099108
56,0.0006011233763236,0.0005779496973292,0.7140535133783446,0.000595775604248,0.6905,1722126055.816991,102.20243501401274,55,CONTINUE,InProgress,3,MHc-130_MA-90,ttZ,Combined,ParticleNet,RMSprop,ReduceLROnPlateau,0.0001882165304864,52,0.0033278758312367,81,122.07152116199724
14,0.0006148581838672,0.0005986113478523,0.6933608402100525,0.0006111089140176,0.6755,1722126056.208235,31.452234872995177,13,CONTINUE,InProgress,10,MHc-130_MA-90,ttZ,Combined,ParticleNet,RMSprop,ExponentialLR,0.0002963157074801,52,0.0005253360412863,81,122.07154122999054
5,0.0006659604525139,0.0006647880605293,0.6010252563140785,0.0006656899005174,0.60525,1722126056.6450398,16.440923945017857,4,STOP,InProgress,11,MHc-130_MA-90,ttZ,Combined,ParticleNet,Adam,ExponentialLR,0.0002148241687505,50,5.022153006719687e-05,81,122.07161007000832
24,0.0006142346193311,0.0006005996896434,0.6897349337334333,0.0006110880970954,0.67075,1722126056.8187222,47.45782771101221,23,CONTINUE,InProgress,8,MHc-130_MA-90,ttZ,Combined,ParticleNet,RMSprop,ReduceLROnPlateau,0.0001417701930656,37,0.0045201869587881,81,122.0717449549993
57,0.0005957634344797,0.0005743601570191,0.717741935483871,0.0005908242166042,0.69875,1722126057.375019,103.76046294200933,56,CONTINUE,InProgress,3,MHc-130_MA-90,ttZ,Combined,ParticleNet,RMSprop,ReduceLROnPlateau,0.0001882165304864,52,0.0033278758312367,81,122.07176245798472
15,0.0006175182968791,0.0006046090969058,0.6870467616904226,0.0006145392507314,0.67425,1722126057.744642,32.98864212699118,14,CONTINUE,InProgress,10,MHc-130_MA-90,ttZ,Combined,ParticleNet,RMSprop,ExponentialLR,0.0002963157074801,52,0.0005253360412863,81,122.07181265199324
25,0.0006108224870462,0.0005969382667875,0.7008627156789198,0.0006076184362173,0.6825,1722126058.3492525,48.98835747200064,24,CONTINUE,InProgress,8,MHc-130_MA-90,ttZ,Combined,ParticleNet,RMSprop,ReduceLROnPlateau,0.0001417701930656,37,0.0045201869587881,81,122.07183139800328
58,0.0006002662254996,0.0005825776164309,0.7086146536634158,0.0005961842387914,0.69575,1722126059.337815,105.72325886800536,57,CONTINUE,InProgress,3,MHc-130_MA-90,ttZ,Combined,ParticleNet,RMSprop,ReduceLROnPlateau,0.0001882165304864,52,0.0033278758312367,81,122.07184678700288
16,0.0006245086606415,0.0006095272663325,0.6796074018504626,0.000621051415801,0.6635,1722126059.68083,34.924829663999844,15,CONTINUE,InProgress,10,MHc-130_MA-90,ttZ,Combined,ParticleNet,RMSprop,ExponentialLR,0.0002963157074801,52,0.0005253360412863,81,122.37970625600428
26,0.0006103094244027,0.0005955278545536,0.699549887471868,0.0006068982928991,0.68375,1722126060.354669,50.99377432701294,25,CONTINUE,InProgress,8,MHc-130_MA-90,ttZ,Combined,ParticleNet,RMSprop,ReduceLROnPlateau,0.0001417701930656,37,0.0045201869587881,81,127.3813096259837
59,0.0005950811745111,0.0005728683417425,0.7216179044761191,0.0005899551361799,0.703,1722126060.8532798,107.23872361599932,58,CONTINUE,InProgress,3,MHc-130_MA-90,ttZ,Combined,ParticleNet,RMSprop,ReduceLROnPlateau,0.0001882165304864,52,0.0033278758312367,81,127.38133136701072
17,0.0006171791610385,0.0006001379548623,0.690735183795949,0.0006132465749979,0.67575,1722126061.1660497,36.410049769998295,16,CONTINUE,InProgress,10,MHc-130_MA-90,ttZ,Combined,ParticleNet,RMSprop,ExponentialLR,0.0002963157074801,52,0.0005253360412863,81,127.3813471669855
27,0.0006124414754267,0.0005949969350114,0.7007376844211053,0.0006084158122539,0.684,1722126061.875205,52.514310857019154,26,CONTINUE,InProgress,8,MHc-130_MA-90,ttZ,Combined,ParticleNet,RMSprop,ReduceLROnPlateau,0.0001417701930656,37,0.0045201869587881,81,127.38136107299944
60,0.0005858922144555,0.0005661718925555,0.7298074518629657,0.0005813413709402,0.71425,1722126062.3061247,108.69156881101662,59,CONTINUE,InProgress,3,MHc-130_MA-90,ttZ,Combined,ParticleNet,RMSprop,ReduceLROnPlateau,0.0001882165304864,52,0.0033278758312367,81,127.3813747589884
18,0.00061119519563,0.0005928107122088,0.6992998249562391,0.0006069526225328,0.68575,1722126062.6758163,37.91981609398499,17,CONTINUE,InProgress,10,MHc-130_MA-90,ttZ,Combined,ParticleNet,RMSprop,ExponentialLR,0.0002963157074801,52,0.0005253360412863,81,127.38138852498378
28,0.0006181149013569,0.0006038245483469,0.6849837459364841,0.0006148171275854,0.6665,1722126063.858963,54.49806830301532,27,CONTINUE,InProgress,8,MHc-130_MA-90,ttZ,Combined,ParticleNet,RMSprop,ReduceLROnPlateau,0.0001417701930656,37,0.0045201869587881,81,127.38140195098822
61,0.0005937047432596,0.0005664484564677,0.730995248812203,0.000587414830923,0.7,1722126064.226026,110.61146974001896,60,CONTINUE,InProgress,3,MHc-130_MA-90,ttZ,Combined,ParticleNet,RMSprop,ReduceLROnPlateau,0.0001882165304864,52,0.0033278758312367,81,127.3814154159918
19,0.0006146182155875,0.000595198713651,0.6981120280070018,0.0006101367920637,0.676,1722126064.63562,39.87962022298598,18,CONTINUE,InProgress,10,MHc-130_MA-90,ttZ,Combined,ParticleNet,RMSprop,ExponentialLR,0.0002963157074801,52,0.0005253360412863,81,127.38142856099876
29,0.0006132489653811,0.0005953926038789,0.6988622155538885,0.0006091282665729,0.68425,1722126065.3261695,55.9652749330271,28,CONTINUE,InProgress,8,MHc-130_MA-90,ttZ,Combined,ParticleNet,RMSprop,ReduceLROnPlateau,0.0001417701930656,37,0.0045201869587881,81,132.3833130109997
62,0.00060000006547,0.0005750668797083,0.7193673418354589,0.0005942462533712,0.68925,1722126065.671061,112.05650518499895,61,CONTINUE,InProgress,3,MHc-130_MA-90,ttZ,Combined,ParticleNet,RMSprop,ReduceLROnPlateau,0.0001882165304864,52,0.0033278758312367,81,132.38333423100994
20,0.0006080031934608,0.0005890237231289,0.7026756689172293,0.0006036233156919,0.6845,1722126066.0917454,41.33574552799109,19,CONTINUE,InProgress,10,MHc-130_MA-90,ttZ,Combined,ParticleNet,RMSprop,ExponentialLR,0.0002963157074801,52,0.0005253360412863,81,132.383348939009
30,0.0006091989072614,0.000593887497169,0.7001125281320331,0.0006056655049324,0.68475,1722126067.1718264,57.81093172900728,29,CONTINUE,InProgress,8,MHc-130_MA-90,ttZ,Combined,ParticleNet,RMSprop,ReduceLROnPlateau,0.0001417701930656,37,0.0045201869587881,81,132.38336232400616
63,0.0006015011513101,0.000582792537455,0.7105526381595398,0.000597183778882,0.68975,1722126067.5761492,113.9615932170127,62,CONTINUE,InProgress,3,MHc-130_MA-90,ttZ,Combined,ParticleNet,RMSprop,ReduceLROnPlateau,0.0001882165304864,52,0.0033278758312367,81,132.38337597000643
21,0.0006177641369083,0.0005987936532565,0.6950487621905477,0.0006133863329887,0.67175,1722126067.9904408,43.23444082500646,20,CONTINUE,InProgress,10,MHc-130_MA-90,ttZ,Combined,ParticleNet,RMSprop,ExponentialLR,0.0002963157074801,52,0.0005253360412863,81,132.38339177001035
31,0.0006125885804423,0.0005983148300221,0.6895473868467117,0.0006092946380376,0.679,1722126068.6695063,59.30861179201747,30,CONTINUE,InProgress,8,MHc-130_MA-90,ttZ,Combined,ParticleNet,RMSprop,ReduceLROnPlateau,0.0001417701930656,37,0.0045201869587881,81,132.3834063670074
64,0.0005905195895892,0.0005662139094331,0.7280570142535634,0.0005849105864763,0.70425,1722126069.05528,115.440723851003,63,CONTINUE,InProgress,3,MHc-130_MA-90,ttZ,Combined,ParticleNet,RMSprop,ReduceLROnPlateau,0.0001882165304864,52,0.0033278758312367,81,132.38342015299713
22,0.0006212875865092,0.0006045405195188,0.6811702925731433,0.0006174228787422,0.666,1722126069.488397,44.73239672798081,21,CONTINUE,InProgress,10,MHc-130_MA-90,ttZ,Combined,ParticleNet,RMSprop,ExponentialLR,0.0002963157074801,52,0.0005253360412863,81,132.383434029005
32,0.0006099656011386,0.0005959279352678,0.6973618404601151,0.0006067261397838,0.683,1722126070.1877737,60.82687884900952,31,CONTINUE,InProgress,8,MHc-130_MA-90,ttZ,Combined,ParticleNet,RMSprop,ReduceLROnPlateau,0.0001417701930656,37,0.0045201869587881,81,137.3851722739928
1,0.0006637007296085,0.0006644656380047,0.5998374593648412,0.0006637007296085,0.599,1722126070.243148,9.622934693994466,0,CONTINUE,InProgress,12,MHc-130_MA-90,ttZ,Combined,ParticleNet,Adam,ReduceLROnPlateau,0.0023599539200322,105,0.0004880648740999,81,137.39009049598826
65,0.000599029944998,0.000586711207489,0.7031757939484872,0.000596187159419,0.6965,1722126070.6470337,117.03247745102271,64,CONTINUE,InProgress,3,MHc-130_MA-90,ttZ,Combined,ParticleNet,RMSprop,ReduceLROnPlateau,0.0001882165304864,52,0.0033278758312367,81,137.39011782800662
23,0.0006197048538388,0.0006029742133411,0.6804826206551637,0.0006158439368009,0.6685,1722126071.5054052,46.74940522998804,22,CONTINUE,InProgress,10,MHc-130_MA-90,ttZ,Combined,ParticleNet,RMSprop,ExponentialLR,0.0002963157074801,52,0.0005253360412863,81,137.39013898698613
2,0.0006481634846092,0.000642277119636,0.6369092273068268,0.0006468050926923,0.62225,1722126071.9073749,11.287161513988394,1,CONTINUE,InProgress,12,MHc-130_MA-90,ttZ,Combined,ParticleNet,Adam,ReduceLROnPlateau,0.0023599539200322,105,0.0004880648740999,81,137.39015808299882
33,0.0006095686685911,0.0005937260101663,0.6988622155538885,0.0006059126704931,0.68125,1722126072.1732247,62.81232979201013,32,CONTINUE,InProgress,8,MHc-130_MA-90,ttZ,Combined,ParticleNet,RMSprop,ReduceLROnPlateau,0.0001417701930656,37,0.0045201869587881,81,137.39017316198442
66,0.0005949797836221,0.0005715972492175,0.7248687171792948,0.0005895838141441,0.697,1722126072.669903,119.0553471550229,65,CONTINUE,InProgress,3,MHc-130_MA-90,ttZ,Combined,ParticleNet,RMSprop,ReduceLROnPlateau,0.0001882165304864,52,0.0033278758312367,81,137.39018774899887
24,0.0006152470781795,0.0005976814132954,0.6936109027256814,0.0006111934632062,0.675,1722126073.0511885,48.295188660005806,23,CONTINUE,InProgress,10,MHc-130_MA-90,ttZ,Combined,ParticleNet,RMSprop,ExponentialLR,0.0002963157074801,52,0.0005253360412863,81,137.39020214698394
34,0.0006070689691785,0.0005906142348437,0.7009252313078269,0.0006032717227935,0.69225,1722126073.751731,64.39083626901265,33,CONTINUE,InProgress,8,MHc-130_MA-90,ttZ,Combined,ParticleNet,RMSprop,ReduceLROnPlateau,0.0001417701930656,37,0.0045201869587881,81,137.39021653399686
3,0.0006333189812633,0.0006252363879372,0.657101775443861,0.0006314537674188,0.6455,1722126074.025927,13.405713632004336,2,CONTINUE,InProgress,12,MHc-130_MA-90,ttZ,Combined,ParticleNet,Adam,ReduceLROnPlateau,0.0023599539200322,105,0.0004880648740999,81,137.39023098099278
67,0.0005911816566221,0.0005683216356462,0.7315578894723681,0.0005859062671661,0.70725,1722126074.220191,120.60563511602231,66,CONTINUE,InProgress,3,MHc-130_MA-90,ttZ,Combined,ParticleNet,RMSprop,ReduceLROnPlateau,0.0001882165304864,52,0.0033278758312367,81,137.390245298011
25,0.0006114350094273,0.0005941455566635,0.6971742935733933,0.0006074451357126,0.681,1722126074.576198,49.82019796100212,24,CONTINUE,InProgress,10,MHc-130_MA-90,ttZ,Combined,ParticleNet,RMSprop,ExponentialLR,0.0002963157074801,52,0.0005253360412863,81,137.3902593049861
4,0.0006287902844607,0.0006191662160358,0.6651662915728932,0.0006265693455934,0.65025,1722126075.7382057,15.117992540996056,3,CONTINUE,InProgress,12,MHc-130_MA-90,ttZ,Combined,ParticleNet,Adam,ReduceLROnPlateau,0.0023599539200322,105,0.0004880648740999,81,142.42804077398614
35,0.0006224184748883,0.000609828557453,0.6726681670417605,0.0006195131093263,0.6645,1722126075.7421105,66.38121581400628,34,CONTINUE,InProgress,8,MHc-130_MA-90,ttZ,Combined,ParticleNet,RMSprop,ReduceLROnPlateau,0.0001417701930656,37,0.0045201869587881,81,142.42806546099018
68,0.000605922621768,0.0005859148989739,0.7045511377844461,0.0006013054549694,0.68575,1722126076.2900994,122.67554328602272,67,CONTINUE,InProgress,3,MHc-130_MA-90,ttZ,Combined,ParticleNet,RMSprop,ReduceLROnPlateau,0.0001882165304864,52,0.0033278758312367,81,142.4280816509854
26,0.0006151312296932,0.000597450011192,0.693235808952238,0.0006110509485006,0.6775,1722126076.6535418,51.89754178500152,25,CONTINUE,InProgress,10,MHc-130_MA-90,ttZ,Combined,ParticleNet,RMSprop,ExponentialLR,0.0002963157074801,52,0.0005253360412863,81,142.42809686000692
36,0.0006241928035872,0.0006073135700962,0.6795448862215554,0.0006202975958585,0.66075,1722126077.3450382,67.98414322201279,35,CONTINUE,InProgress,8,MHc-130_MA-90,ttZ,Combined,ParticleNet,RMSprop,ReduceLROnPlateau,0.0001417701930656,37,0.0045201869587881,81,142.4281109670119
69,0.000609126820788,0.000581751263389,0.7119904976244061,0.0006028093844652,0.68375,1722126077.809755,124.19519897401916,68,CONTINUE,InProgress,3,MHc-130_MA-90,ttZ,Combined,ParticleNet,RMSprop,ReduceLROnPlateau,0.0001882165304864,52,0.0033278758312367,81,142.42812489299104
5,0.0006253290391033,0.0006120174258731,0.6740435108777194,0.0006222571283578,0.6595,1722126077.8845282,17.264314428990474,4,CONTINUE,InProgress,12,MHc-130_MA-90,ttZ,Combined,ParticleNet,Adam,ReduceLROnPlateau,0.0023599539200322,105,0.0004880648740999,81,142.42820201799623
27,0.0006018979664805,0.000581845756649,0.7121780445111278,0.0005972705334424,0.69225,1722126078.2546997,53.4986992229824,26,CONTINUE,InProgress,10,MHc-130_MA-90,ttZ,Combined,ParticleNet,RMSprop,ExponentialLR,0.0002963157074801,52,0.0005253360412863,81,142.42822101400816
37,0.0006053214717105,0.0005862024813242,0.7118029507376844,0.000600909397006,0.69225,1722126079.3639295,70.0030351090245,36,CONTINUE,InProgress,8,MHc-130_MA-90,ttZ,Combined,ParticleNet,RMSprop,ReduceLROnPlateau,0.0001417701930656,37,0.0045201869587881,81,142.42823613301152
6,0.0006240901312084,0.0006093205988898,0.6784821205301326,0.0006206817775964,0.66525,1722126079.5593152,18.93910231100745,5,CONTINUE,InProgress,12,MHc-130_MA-90,ttZ,Combined,ParticleNet,Adam,ReduceLROnPlateau,0.0023599539200322,105,0.0004880648740999,81,142.4282507809985
70,0.0006099416346296,0.0005970634417582,0.6945486371592898,0.000606969743967,0.6835,1722126079.8478398,126.23328354299883,69,CONTINUE,InProgress,3,MHc-130_MA-90,ttZ,Combined,ParticleNet,RMSprop,ReduceLROnPlateau,0.0001882165304864,52,0.0033278758312367,81,142.42826490700827
28,0.000622863685433,0.0006060935528941,0.6799199799949988,0.0006189936548471,0.666,1722126080.3799114,55.62391112998012,27,CONTINUE,InProgress,10,MHc-130_MA-90,ttZ,Combined,ParticleNet,RMSprop,ExponentialLR,0.0002963157074801,52,0.0005253360412863,81,147.4307983419858
38,0.0006087548158162,0.0005955012716869,0.7013003250812703,0.0006056963056325,0.6875,1722126080.971846,71.61095145301078,37,CONTINUE,InProgress,8,MHc-130_MA-90,ttZ,Combined,ParticleNet,RMSprop,ReduceLROnPlateau,0.0001417701930656,37,0.0045201869587881,81,147.43082932100515
7,0.000626032794984,0.0006102575611012,0.671980495123781,0.0006223923563957,0.65775,1722126081.224919,20.604705428006127,6,CONTINUE,InProgress,12,MHc-130_MA-90,ttZ,Combined,ParticleNet,Adam,ReduceLROnPlateau,0.0023599539200322,105,0.0004880648740999,81,147.43085315599455
71,0.0005946749731417,0.0005758609823001,0.7184921230307577,0.0005903332829475,0.702,1722126081.4679108,127.85335435601884,70,CONTINUE,InProgress,3,MHc-130_MA-90,ttZ,Combined,ParticleNet,RMSprop,ReduceLROnPlateau,0.0001882165304864,52,0.0033278758312367,81,147.43087581798318
29,0.0006024705795186,0.00058211685792,0.7121780445111278,0.000597773566842,0.69225,1722126081.9166236,57.16062360900105,28,CONTINUE,InProgress,10,MHc-130_MA-90,ttZ,Combined,ParticleNet,RMSprop,ExponentialLR,0.0002963157074801,52,0.0005253360412863,81,147.4308970179991
39,0.0006034811864378,0.0005869135823241,0.7120530132533134,0.0005996578931808,0.69625,1722126082.9551127,73.59421790300985,38,CONTINUE,InProgress,8,MHc-130_MA-90,ttZ,Combined,ParticleNet,RMSprop,ReduceLROnPlateau,0.0001417701930656,37,0.0045201869587881,81,147.4309172570065
72,0.0005837206043532,0.0005660898411503,0.7302450612653163,0.000579651966691,0.71425,1722126083.0561056,129.4415496000147,71,CONTINUE,InProgress,3,MHc-130_MA-90,ttZ,Combined,ParticleNet,RMSprop,ReduceLROnPlateau,0.0001882165304864,52,0.0033278758312367,81,147.4309381560015
8,0.0006156404999095,0.0005978979030589,0.6923605901475369,0.0006115460544824,0.67125,1722126083.3743582,22.75414455900318,7,CONTINUE,InProgress,12,MHc-130_MA-90,ttZ,Combined,ParticleNet,Adam,ReduceLROnPlateau,0.0023599539200322,105,0.0004880648740999,81,147.43095837399596
30,0.0006131551507824,0.0005922814694664,0.7014253563390848,0.0006083381474018,0.67575,1722126084.0413346,59.28533434000565,29,CONTINUE,InProgress,10,MHc-130_MA-90,ttZ,Combined,ParticleNet,RMSprop,ExponentialLR,0.0002963157074801,52,0.0005253360412863,81,147.43097929400392
40,0.0006019049605646,0.0005847335934907,0.7112403100775194,0.0005979423373937,0.69325,1722126084.6430635,75.2821688070253,39,CONTINUE,InProgress,8,MHc-130_MA-90,ttZ,Combined,ParticleNet,RMSprop,ReduceLROnPlateau,0.0001417701930656,37,0.0045201869587881,81,147.43099960198742
9,0.0006183663622047,0.0006006800381652,0.6866716679169792,0.000614284902811,0.6685,1722126085.1122327,24.49201881498448,8,CONTINUE,InProgress,12,MHc-130_MA-90,ttZ,Combined,ParticleNet,Adam,ReduceLROnPlateau,0.0023599539200322,105,0.0004880648740999,81,152.43386769900098
73,0.0006333894011384,0.0006150940964596,0.6679169792448112,0.000629167407751,0.64825,1722126085.129492,131.51493610601756,72,CONTINUE,InProgress,3,MHc-130_MA-90,ttZ,Combined,ParticleNet,RMSprop,ReduceLROnPlateau,0.0001882165304864,52,0.0033278758312367,81,152.4443484689982
31,0.0006056851081175,0.0005841409192737,0.7086146536634158,0.0006007133722305,0.689,1722126085.7003753,60.9443753020023,30,CONTINUE,InProgress,10,MHc-130_MA-90,ttZ,Combined,ParticleNet,RMSprop,ExponentialLR,0.0002963157074801,52,0.0005253360412863,81,152.4444030619925
1,0.0006524538695812,0.0006524717868879,0.6202175543885972,0.0006524538695812,0.62075,1722126085.877925,9.979610465990843,0,CONTINUE,InProgress,13,MHc-130_MA-90,ttZ,Combined,ParticleNet,RMSprop,ExponentialLR,0.0003639912523883,42,1.4709059507833315e-05,81,152.4444353430008
41,0.0006113515792812,0.000590097869924,0.7021755438859715,0.0006064468771219,0.67925,1722126086.2344203,76.87352574800025,40,CONTINUE,InProgress,8,MHc-130_MA-90,ttZ,Combined,ParticleNet,RMSprop,ReduceLROnPlateau,0.0001417701930656,37,0.0045201869587881,81,152.44446714301012
74,0.0005944640636947,0.0005706343301447,0.7256189047261815,0.0005889648944139,0.70575,1722126086.808176,133.1936199810007,73,CONTINUE,InProgress,3,MHc-130_MA-90,ttZ,Combined,ParticleNet,RMSprop,ReduceLROnPlateau,0.0001882165304864,52,0.0033278758312367,81,152.4444972400088
10,0.0006236216731263,0.0006048978790994,0.6790447611902976,0.0006193007975816,0.65725,1722126087.2526093,26.632395692984574,9,CONTINUE,InProgress,12,MHc-130_MA-90,ttZ,Combined,ParticleNet,Adam,ReduceLROnPlateau,0.0023599539200322,105,0.0004880648740999,81,152.44452773800003
32,0.0006034240247283,0.000579678053169,0.7164916229057264,0.0005979441851377,0.693,1722126087.370563,62.61456352300593,31,CONTINUE,InProgress,10,MHc-130_MA-90,ttZ,Combined,ParticleNet,RMSprop,ExponentialLR,0.0002963157074801,52,0.0005253360412863,81,152.44455739398836
2,0.0006522077410608,0.0006499201856752,0.6255313828457114,0.0006516798436641,0.62125,1722126087.508693,11.610378598008538,1,CONTINUE,InProgress,13,MHc-130_MA-90,ttZ,Combined,ParticleNet,RMSprop,ExponentialLR,0.0003639912523883,42,1.4709059507833315e-05,81,152.44458552700237
42,0.0006215354709654,0.000607641101271,0.679982495623906,0.000618329077959,0.66775,1722126088.2729795,78.9120852840133,41,CONTINUE,InProgress,8,MHc-130_MA-90,ttZ,Combined,ParticleNet,RMSprop,ReduceLROnPlateau,0.0001417701930656,37,0.0045201869587881,81,152.44461506200605
75,0.0006003266236373,0.0005817778388033,0.709489872468117,0.0005960461348295,0.69675,1722126088.919118,135.3045618949982,74,CONTINUE,InProgress,3,MHc-130_MA-90,ttZ,Combined,ParticleNet,RMSprop,ReduceLROnPlateau,0.0001882165304864,52,0.0033278758312367,81,152.44464524899377
11,0.0006194038557217,0.0006000221364347,0.6868592148037009,0.0006149311512708,0.672,1722126088.9531438,28.33293018699624,10,CONTINUE,InProgress,12,MHc-130_MA-90,ttZ,Combined,ParticleNet,Adam,ReduceLROnPlateau,0.0023599539200322,105,0.0004880648740999,81,152.44467402400915
33,0.0006147256181583,0.0005896873669673,0.7028007001750438,0.0006089475601911,0.67825,1722126089.5783403,64.82234057597816,32,CONTINUE,InProgress,10,MHc-130_MA-90,ttZ,Combined,ParticleNet,RMSprop,ExponentialLR,0.0002963157074801,52,0.0005253360412863,81,152.4447027980059
3,0.000644455382353,0.0006393723881044,0.6391597899474869,0.0006432823836803,0.63025,1722126089.764124,13.86580942000728,2,CONTINUE,InProgress,13,MHc-130_MA-90,ttZ,Combined,ParticleNet,RMSprop,ExponentialLR,0.0003639912523883,42,1.4709059507833315e-05,81,152.44474290398648
43,0.000604719009555,0.000585765552002,0.7104901225306327,0.0006003451347351,0.68875,1722126089.9765086,80.61561437000637,42,CONTINUE,InProgress,8,MHc-130_MA-90,ttZ,Combined,ParticleNet,RMSprop,ReduceLROnPlateau,0.0001417701930656,37,0.0045201869587881,81,157.5022361559968
76,0.0006711985064453,0.0006659008966859,0.6164666166541636,0.0006699759811162,0.613,1722126090.5892398,136.97468372099684,75,CONTINUE,InProgress,3,MHc-130_MA-90,ttZ,Combined,ParticleNet,RMSprop,ReduceLROnPlateau,0.0001882165304864,52,0.0033278758312367,81,157.50225892898743
12,0.0006120465571718,0.0005919005638899,0.6992373093273319,0.0006073974817991,0.682,1722126091.106007,30.485792828985723,11,CONTINUE,InProgress,12,MHc-130_MA-90,ttZ,Combined,ParticleNet,Adam,ReduceLROnPlateau,0.0023599539200322,105,0.0004880648740999,81,157.50227615100448
34,0.0006020021839566,0.0005745707258161,0.7221180295073768,0.0005956718474626,0.693,1722126091.1860366,66.43003635399509,33,CONTINUE,InProgress,10,MHc-130_MA-90,ttZ,Combined,ParticleNet,RMSprop,ExponentialLR,0.0002963157074801,52,0.0005253360412863,81,157.50229144000332
4,0.00063685412587,0.0006317554205231,0.6456614153538385,0.0006356775015592,0.63475,1722126091.4007905,15.502476285008017,3,CONTINUE,InProgress,13,MHc-130_MA-90,ttZ,Combined,ParticleNet,RMSprop,ExponentialLR,0.0003639912523883,42,1.4709059507833315e-05,81,157.50230679899687
44,0.000603016526181,0.000590136600274,0.7048637159289822,0.0006000442355871,0.697,1722126092.044843,82.6839482190262,43,CONTINUE,InProgress,8,MHc-130_MA-90,ttZ,Combined,ParticleNet,RMSprop,ReduceLROnPlateau,0.0001417701930656,37,0.0045201869587881,81,157.50232089599012
77,0.0006403399217871,0.0006172756391276,0.6616029007251812,0.0006350173950195,0.6375,1722126092.215137,138.60058068000944,76,CONTINUE,InProgress,3,MHc-130_MA-90,ttZ,Combined,ParticleNet,RMSprop,ReduceLROnPlateau,0.0001882165304864,52,0.0033278758312367,81,157.50233464199118
13,0.0006118007984339,0.0005904630433919,0.7038009502375594,0.0006068767011165,0.678,1722126092.8359275,32.215713835001225,12,CONTINUE,InProgress,12,MHc-130_MA-90,ttZ,Combined,ParticleNet,Adam,ReduceLROnPlateau,0.0023599539200322,105,0.0004880648740999,81,157.5023481969838
35,0.0006059206862804,0.0005808958644478,0.7164291072768192,0.000600145727396,0.6895,1722126093.3881912,68.63219137699343,34,CONTINUE,InProgress,10,MHc-130_MA-90,ttZ,Combined,ParticleNet,RMSprop,ExponentialLR,0.0002963157074801,52,0.0005253360412863,81,157.5023618330015
5,0.0006313272115259,0.0006263399532539,0.653538384596149,0.0006301763057708,0.642,1722126093.6648526,17.766538066003704,4,CONTINUE,InProgress,13,MHc-130_MA-90,ttZ,Combined,ParticleNet,RMSprop,ExponentialLR,0.0003639912523883,42,1.4709059507833315e-05,81,157.5024554299889
45,0.0006203230178052,0.0006016715448121,0.6869217304326082,0.0006160188317298,0.671,1722126093.7318175,84.37092339200899,44,CONTINUE,InProgress,8,MHc-130_MA-90,ttZ,Combined,ParticleNet,RMSprop,ReduceLROnPlateau,0.0001417701930656,37,0.0045201869587881,81,157.50250200700248
78,0.0006132971447791,0.0005899656672989,0.6979869967491873,0.0006079129576683,0.677,1722126094.288778,140.67422165500466,77,CONTINUE,InProgress,3,MHc-130_MA-90,ttZ,Combined,ParticleNet,RMSprop,ReduceLROnPlateau,0.0001882165304864,52,0.0033278758312367,81,157.50251981100882
14,0.0006074219526213,0.0005842727269193,0.7058639659914979,0.0006020798236131,0.689,1722126095.057227,34.43701285900897,13,CONTINUE,InProgress,12,MHc-130_MA-90,ttZ,Combined,ParticleNet,Adam,ReduceLROnPlateau,0.0023599539200322,105,0.0004880648740999,81,162.5054309190018
36,0.0006025231785284,0.00057605510728,0.7174293573393349,0.0005964151620864,0.69425,1722126095.072422,70.31642262099194,35,CONTINUE,InProgress,10,MHc-130_MA-90,ttZ,Combined,ParticleNet,RMSprop,ExponentialLR,0.0002963157074801,52,0.0005253360412863,81,162.50546232800116
6,0.0006320147453944,0.0006247272742453,0.6542885721430357,0.0006303330212831,0.64275,1722126095.3730214,19.474707059009237,5,CONTINUE,InProgress,13,MHc-130_MA-90,ttZ,Combined,ParticleNet,RMSprop,ExponentialLR,0.0003639912523883,42,1.4709059507833315e-05,81,162.5054850509914
46,0.0006013303322579,0.0005857226110214,0.7117404351087772,0.0005977285504341,0.699,1722126095.8213718,86.46047710001585,45,CONTINUE,InProgress,8,MHc-130_MA-90,ttZ,Combined,ParticleNet,RMSprop,ReduceLROnPlateau,0.0001417701930656,37,0.0045201869587881,81,162.50550657199346
79,0.0005848469247238,0.0005631184363311,0.7347461865466367,0.0005798326581716,0.71325,1722126095.9514613,142.33690530300373,78,CONTINUE,InProgress,3,MHc-130_MA-90,ttZ,Combined,ParticleNet,RMSprop,ReduceLROnPlateau,0.0001882165304864,52,0.0033278758312367,81,162.50552834299742
15,0.0006215841634709,0.0005976029390631,0.6894223555888972,0.0006160500347614,0.66825,1722126096.7862802,36.16606616700301,14,STOP,InProgress,12,MHc-130_MA-90,ttZ,Combined,ParticleNet,Adam,ReduceLROnPlateau,0.0023599539200322,105,0.0004880648740999,81,162.50563037599204
7,0.0006283530085708,0.0006183641803178,0.6637909477369343,0.0006260478943586,0.65025,1722126097.0670578,21.1687435490021,6,CONTINUE,InProgress,13,MHc-130_MA-90,ttZ,Combined,ParticleNet,RMSprop,ExponentialLR,0.0003639912523883,42,1.4709059507833315e-05,81,162.50580907298718
37,0.0006071747409206,0.0005846147381922,0.7078644661165291,0.0006019685864448,0.68625,1722126097.2760465,72.52004631599993,36,CONTINUE,InProgress,10,MHc-130_MA-90,ttZ,Combined,ParticleNet,RMSprop,ExponentialLR,0.0002963157074801,52,0.0005253360412863,81,162.50583377000294
47,0.0006023336747715,0.0005877091754046,0.7051762940735183,0.0005989587903022,0.69375,1722126097.478818,88.11792339300155,46,CONTINUE,InProgress,8,MHc-130_MA-90,ttZ,Combined,ParticleNet,RMSprop,ReduceLROnPlateau,0.0001417701930656,37,0.0045201869587881,81,162.5058551999973
80,0.0006189916355195,0.0006016422865181,0.6916104026006502,0.0006149879395961,0.67675,1722126098.0826466,144.46809049299918,79,CONTINUE,InProgress,3,MHc-130_MA-90,ttZ,Combined,ParticleNet,RMSprop,ReduceLROnPlateau,0.0001882165304864,52,0.0033278758312367,81,162.50587624000036
38,0.0006021090330806,0.0005757929526677,0.7163665916479119,0.0005960360914468,0.6905,1722126098.934692,74.17869160199189,37,CONTINUE,InProgress,10,MHc-130_MA-90,ttZ,Combined,ParticleNet,RMSprop,ExponentialLR,0.0002963157074801,52,0.0005253360412863,81,162.505896157003
48,0.0006031246516381,0.0005841162144228,0.7084896224056014,0.0005987380892038,0.6915,1722126099.076323,89.71542849802063,47,CONTINUE,InProgress,8,MHc-130_MA-90,ttZ,Combined,ParticleNet,RMSprop,ReduceLROnPlateau,0.0001417701930656,37,0.0045201869587881,81,162.50591657598852
8,0.0006305750378633,0.0006196781467515,0.661790447611903,0.0006280603706836,0.6465,1722126099.2333562,23.33504217900918,7,CONTINUE,InProgress,13,MHc-130_MA-90,ttZ,Combined,ParticleNet,RMSprop,ExponentialLR,0.0003639912523883,42,1.4709059507833315e-05,81,162.50593682398903
81,0.0005979023953241,0.0005737179352301,0.7250562640660165,0.0005923213660717,0.6995,1722126099.705732,146.09117541401065,80,STOP,InProgress,3,MHc-130_MA-90,ttZ,Combined,ParticleNet,RMSprop,ReduceLROnPlateau,0.0001882165304864,52,0.0033278758312367,81,162.50598019600147
9,0.0006265853259251,0.000615334132219,0.6681670417604401,0.0006239888966083,0.65,1722126101.1453032,25.246988686005352,8,CONTINUE,InProgress,13,MHc-130_MA-90,ttZ,Combined,ParticleNet,RMSprop,ExponentialLR,0.0003639912523883,42,1.4709059507833315e-05,81,168.43758937501116
39,0.0005998446391072,0.0005739963100862,0.7188047011752938,0.0005938796401023,0.69425,1722126101.28939,76.53338987298775,38,CONTINUE,InProgress,10,MHc-130_MA-90,ttZ,Combined,ParticleNet,RMSprop,ExponentialLR,0.0002963157074801,52,0.0005253360412863,81,168.44416127799195
49,0.0006029870747055,0.0005858907754136,0.7071142785696424,0.0005990417748689,0.69975,1722126101.4981074,92.13721264101332,48,CONTINUE,InProgress,8,MHc-130_MA-90,ttZ,Combined,ParticleNet,RMSprop,ReduceLROnPlateau,0.0001417701930656,37,0.0045201869587881,81,168.4441885800043
40,0.0006011140341742,0.0005685303823206,0.7254938734683671,0.0005935947299003,0.6945,1722126102.7978897,78.04188971599797,39,CONTINUE,InProgress,10,MHc-130_MA-90,ttZ,Combined,ParticleNet,RMSprop,ExponentialLR,0.0002963157074801,52,0.0005253360412863,81,168.44420407898724
50,0.0006046505403748,0.0005923049558428,0.7017379344836209,0.000601801559329,0.69025,1722126102.9436655,93.58277068301686,49,CONTINUE,InProgress,8,MHc-130_MA-90,ttZ,Combined,ParticleNet,RMSprop,ReduceLROnPlateau,0.0001417701930656,37,0.0045201869587881,81,168.44421911699465
10,0.0006246531718803,0.0006152721465185,0.6676669167291823,0.0006224883198738,0.6585,1722126103.126583,27.22826832599821,9,CONTINUE,InProgress,13,MHc-130_MA-90,ttZ,Combined,ParticleNet,RMSprop,ExponentialLR,0.0003639912523883,42,1.4709059507833315e-05,81,168.44423378500505
41,0.0005992729715974,0.0005681415771537,0.7268067016754188,0.0005920888036489,0.701,1722126104.287625,79.53162480398896,40,CONTINUE,InProgress,10,MHc-130_MA-90,ttZ,Combined,ParticleNet,RMSprop,ExponentialLR,0.0002963157074801,52,0.0005253360412863,81,168.444247300009
11,0.0006218650038069,0.0006122456308781,0.6681045261315329,0.0006196451485157,0.66025,1722126104.6282785,28.729963416000828,10,CONTINUE,InProgress,13,MHc-130_MA-90,ttZ,Combined,ParticleNet,RMSprop,ExponentialLR,0.0003639912523883,42,1.4709059507833315e-05,81,168.44426287000533
51,0.000601081246787,0.000589794201474,0.7037384346086522,0.0005984765440225,0.69675,1722126104.82925,95.46835543602356,50,CONTINUE,InProgress,8,MHc-130_MA-90,ttZ,Combined,ParticleNet,RMSprop,ReduceLROnPlateau,0.0001417701930656,37,0.0045201869587881,81,168.44427778798854
42,0.0006043465618823,0.0005794554486755,0.7146161540385096,0.0005986024588346,0.68975,1722126106.14129,81.3852899140038,41,CONTINUE,InProgress,10,MHc-130_MA-90,ttZ,Combined,ParticleNet,RMSprop,ExponentialLR,0.0002963157074801,52,0.0005253360412863,81,173.48576740600402
52,0.0006122682855069,0.0005924247501492,0.6970492623155788,0.0006076890081167,0.679,1722126106.232938,96.8720433350245,51,CONTINUE,InProgress,8,MHc-130_MA-90,ttZ,Combined,ParticleNet,RMSprop,ReduceLROnPlateau,0.0001417701930656,37,0.0045201869587881,81,173.4857891270076
12,0.0006210238252681,0.0006115921968875,0.6705426356589147,0.0006188472956418,0.65925,1722126106.4963334,30.59801859498839,11,CONTINUE,InProgress,13,MHc-130_MA-90,ttZ,Combined,ParticleNet,RMSprop,ExponentialLR,0.0003639912523883,42,1.4709059507833315e-05,81,173.48580450599547
43,0.0005994191558666,0.0005750387802693,0.7178044511127782,0.0005937929153442,0.697,1722126107.5698693,82.8138693519868,42,CONTINUE,InProgress,10,MHc-130_MA-90,ttZ,Combined,ParticleNet,RMSprop,ExponentialLR,0.0002963157074801,52,0.0005253360412863,81,173.4858185419871
53,0.0006007946665617,0.0005813399518421,0.7138659664916229,0.000596305117011,0.6955,1722126107.630181,98.26928633102216,52,CONTINUE,InProgress,8,MHc-130_MA-90,ttZ,Combined,ParticleNet,RMSprop,ReduceLROnPlateau,0.0001417701930656,37,0.0045201869587881,81,173.48583312000846
13,0.0006226485241302,0.0006088166124792,0.6766691672918229,0.0006194565445184,0.66,1722126107.9192677,32.02095286900294,12,CONTINUE,InProgress,13,MHc-130_MA-90,ttZ,Combined,ParticleNet,RMSprop,ExponentialLR,0.0003639912523883,42,1.4709059507833315e-05,81,173.48584787800792
54,0.0006034037619605,0.0005864503980428,0.7098649662415604,0.0005994914472103,0.694,1722126109.4441378,100.08324288899894,53,CONTINUE,InProgress,8,MHc-130_MA-90,ttZ,Combined,ParticleNet,RMSprop,ReduceLROnPlateau,0.0001417701930656,37,0.0045201869587881,81,173.48586197401164
44,0.0005953979466834,0.0005625973428359,0.735933983495874,0.0005878285765647,0.7045,1722126109.4560282,84.70002798800124,43,CONTINUE,InProgress,10,MHc-130_MA-90,ttZ,Combined,ParticleNet,RMSprop,ExponentialLR,0.0002963157074801,52,0.0005253360412863,81,173.48587574998965
14,0.0006182483364743,0.0006077924007831,0.6789197299324832,0.0006158354282379,0.66575,1722126109.79689,33.89857508399291,13,CONTINUE,InProgress,13,MHc-130_MA-90,ttZ,Combined,ParticleNet,RMSprop,ExponentialLR,0.0003639912523883,42,1.4709059507833315e-05,81,173.4858891759941
55,0.0006163726114647,0.0006033766043129,0.6841085271317829,0.0006133735328912,0.67175,1722126110.918154,101.55725914001232,54,CONTINUE,InProgress,8,MHc-130_MA-90,ttZ,Combined,ParticleNet,RMSprop,ReduceLROnPlateau,0.0001417701930656,37,0.0045201869587881,81,173.4859029520012
45,0.0006103448837984,0.0005825509776708,0.7076769192298075,0.0006039309054613,0.68325,1722126110.9401133,86.18411343399202,44,CONTINUE,InProgress,10,MHc-130_MA-90,ttZ,Combined,ParticleNet,RMSprop,ExponentialLR,0.0002963157074801,52,0.0005253360412863,81,178.48791196700768
15,0.0006172721829379,0.0006053992571548,0.6817329332333083,0.000614532276988,0.66475,1722126111.2197456,35.3214305890142,14,CONTINUE,InProgress,13,MHc-130_MA-90,ttZ,Combined,ParticleNet,RMSprop,ExponentialLR,0.0003639912523883,42,1.4709059507833315e-05,81,178.48796356498497
46,0.0006106031836342,0.0005839499876659,0.7059889972493123,0.000604452446103,0.6835,1722126112.8625498,88.10654995799996,45,CONTINUE,InProgress,10,MHc-130_MA-90,ttZ,Combined,ParticleNet,RMSprop,ExponentialLR,0.0002963157074801,52,0.0005253360412863,81,178.48798224999337
56,0.0005939808855424,0.0005768306122985,0.7190547636909227,0.0005900231301784,0.70925,1722126112.8907945,103.52989953602082,55,CONTINUE,InProgress,8,MHc-130_MA-90,ttZ,Combined,ParticleNet,RMSprop,ReduceLROnPlateau,0.0001417701930656,37,0.0045201869587881,81,178.48799814999802
16,0.0006161521612904,0.0006029267412747,0.6883595898974744,0.0006131001412868,0.67175,1722126113.12827,37.22995493598864,15,CONTINUE,InProgress,13,MHc-130_MA-90,ttZ,Combined,ParticleNet,RMSprop,ExponentialLR,0.0003639912523883,42,1.4709059507833315e-05,81,178.48801224600174
47,0.0005975196630288,0.0005660695779559,0.7319329832458115,0.0005902619510889,0.70225,1722126114.3101573,89.55415714698029,46,CONTINUE,InProgress,10,MHc-130_MA-90,ttZ,Combined,ParticleNet,RMSprop,ExponentialLR,0.0002963157074801,52,0.0005253360412863,81,178.48802635300672
57,0.0006029794257081,0.0005830477389373,0.7101150287571893,0.000598379805684,0.68325,1722126114.3119285,104.95103362202644,56,CONTINUE,InProgress,8,MHc-130_MA-90,ttZ,Combined,ParticleNet,RMSprop,ReduceLROnPlateau,0.0001417701930656,37,0.0045201869587881,81,178.48804048000602
17,0.0006161290310887,0.000599373621057,0.6865466366591648,0.0006122623980045,0.67425,1722126114.5432806,38.64496585598681,16,CONTINUE,InProgress,13,MHc-130_MA-90,ttZ,Combined,ParticleNet,RMSprop,ExponentialLR,0.0003639912523883,42,1.4709059507833315e-05,81,178.48805464600446
48,0.0006085330785505,0.000576539247833,0.7165541385346337,0.0006011498868465,0.6895,1722126115.7985246,91.04252455398093,47,CONTINUE,InProgress,10,MHc-130_MA-90,ttZ,Combined,ParticleNet,RMSprop,ExponentialLR,0.0002963157074801,52,0.0005253360412863,81,178.48806841199985
