epoch,objective,train_loss,train_accuracy,valid_loss,valid_accuracy,st_worker_timestamp,st_worker_time,st_worker_iter,st_decision,st_status,trial_id,config_signal,config_background,config_channel,config_model,config_optimizer,config_scheduler,config_initLR,config_nNodes,config_weight_decay,config_max_epochs,config_penalty,st_tuner_time
1,0.0006370991457076,0.0006185292771884,0.664375,0.0006328137914339,0.6645238095238095,1724835474.499558,559.2072815340944,0,CONTINUE,InProgress,10,MHc-130_MA-90,ttZ,Combined,ParticleNetV2,Adam,ReduceLROnPlateau,0.0069203425599394,128,0.0004998225724625,81,0.3,605.4016145640053
1,0.0006525155667747,0.0006328494903587,0.6291904761904762,0.0006479772414479,0.6257619047619047,1724835478.3912406,563.0987148809945,0,CONTINUE,InProgress,8,MHc-130_MA-90,ttZ,Combined,ParticleNetV2,Adam,ExponentialLR,0.006950222797269,80,0.0009086419271386,81,0.3,610.4265384000028
1,0.0006412709032495,0.0006230757839622,0.6425357142857143,0.0006370720295679,0.6418095238095238,1724835478.413941,563.1212463900447,0,CONTINUE,InProgress,0,MHc-130_MA-90,ttZ,Combined,ParticleNetV2,Adam,ExponentialLR,0.001,32,0.0003162277660168,81,0.3,610.4265930580441
1,0.0006828023412043,0.0006652761722604,0.5668690476190477,0.0006787578406788,0.5633809523809524,1724835480.8841395,565.591233987012,0,CONTINUE,InProgress,4,MHc-130_MA-90,ttZ,Combined,ParticleNet,Adam,CyclicLR,0.0001111160629864,84,0.0086547969131059,81,0.3,615.4286254970357
1,0.0006258806191739,0.0006065197104499,0.6638630952380953,0.0006214127171607,0.6630714285714285,1724835481.080696,560.9398897860665,0,CONTINUE,InProgress,7,MHc-130_MA-90,ttZ,Combined,ParticleNetV2,RMSprop,ReduceLROnPlateau,0.0002208091354021,104,0.0001282209783495,81,0.3,615.4286682419479
1,0.0006337751813942,0.0006154237584698,0.6546547619047619,0.0006295402376424,0.6541190476190476,1724835481.8484464,566.5555946140084,0,CONTINUE,InProgress,9,MHc-130_MA-90,ttZ,Combined,ParticleNet,Adam,ExponentialLR,0.001328945533561,92,0.0090152804228075,81,0.3,615.4287076819455
1,0.0006423124034489,0.0006239928766375,0.6459107142857143,0.0006380848203386,0.6421190476190476,1724835482.2648518,566.9719339089934,0,CONTINUE,InProgress,3,MHc-130_MA-90,ttZ,Combined,ParticleNet,Adam,ReduceLROnPlateau,0.0089831164320112,88,0.0034678088822664,81,0.3,615.428748455015
1,0.0006911418768621,0.0006725915145306,0.5550714285714285,0.0006868610240164,0.5536666666666666,1724835484.2311432,568.9382969629951,0,CONTINUE,InProgress,6,MHc-130_MA-90,ttZ,Combined,ParticleNet,Adam,CyclicLR,0.0001007462363053,52,0.0046005987647777,81,0.3,615.4287860910408
1,0.0007020180035559,0.0006862190638979,0.5185892857142858,0.0006983720944041,0.5212619047619048,1724835484.767841,569.4751909129554,0,CONTINUE,InProgress,5,MHc-130_MA-90,ttZ,Combined,ParticleNetV2,Adadelta,ExponentialLR,0.001540590025151,84,0.0004915589503024,81,0.3,615.4288129929919
1,0.0007077321909722,0.0006965386243093,0.4903154761904762,0.0007051490602039,0.4979761904761904,1724835485.5880494,570.2950749200536,0,CONTINUE,InProgress,1,MHc-130_MA-90,ttZ,Combined,ParticleNet,Adadelta,CyclicLR,0.0090820936725569,32,4.791392726960108e-05,81,0.3,620.4304857249372
1,0.000652551503302,0.0006339109458384,0.627827380952381,0.000648249836195,0.6249047619047619,1724835491.996244,576.7039840959478,0,CONTINUE,InProgress,11,MHc-130_MA-90,ttZ,Combined,ParticleNet,Adam,ExponentialLR,0.0014511988805812,32,0.0032229858336753,81,0.3,625.4564532670192
1,0.0006282948037343,0.0006099870875477,0.6570416666666666,0.0006240699461528,0.6584761904761904,1724835503.9354427,588.642767822952,0,CONTINUE,InProgress,2,MHc-130_MA-90,ttZ,Combined,ParticleNet,Adam,ReduceLROnPlateau,0.0048431859060531,52,3.362765123217097e-05,81,0.3,635.468329960946
2,0.00066341371962,0.0006466120197659,0.6153214285714286,0.000659536404269,0.616904761904762,1724835922.2582245,1006.965949109057,1,CONTINUE,InProgress,10,MHc-130_MA-90,ttZ,Combined,ParticleNetV2,Adam,ReduceLROnPlateau,0.0069203425599394,128,0.0004998225724625,81,0.3,1055.7303948969347
2,0.000685676227439,0.0006626004775365,0.5891964285714286,0.0006803510543845,0.583047619047619,1724835929.6176777,1014.3247742409584,1,CONTINUE,InProgress,4,MHc-130_MA-90,ttZ,Combined,ParticleNet,Adam,CyclicLR,0.0001111160629864,84,0.0086547969131059,81,0.3,1060.7556169059826
2,0.0007211791237904,0.0006998577011483,0.5475119047619048,0.0007162587954884,0.5457857142857143,1724835930.3415604,1015.0490365859588,1,CONTINUE,InProgress,8,MHc-130_MA-90,ttZ,Combined,ParticleNetV2,Adam,ExponentialLR,0.006950222797269,80,0.0009086419271386,81,0.3,1065.7575999239923
2,0.0006248389756395,0.0006067798563412,0.6662440476190477,0.0006206714865707,0.6679285714285714,1724835933.9075372,1018.614686661982,1,CONTINUE,InProgress,9,MHc-130_MA-90,ttZ,Combined,ParticleNet,Adam,ExponentialLR,0.001328945533561,92,0.0090152804228075,81,0.3,1065.7576457950054
2,0.0006295013511819,0.0006108384519105,0.6590595238095238,0.0006251945282731,0.6585238095238095,1724835934.524291,1019.2315982980654,1,CONTINUE,InProgress,0,MHc-130_MA-90,ttZ,Combined,ParticleNetV2,Adam,ExponentialLR,0.001,32,0.0003162277660168,81,0.3,1065.7576809249583
2,0.0006932938252531,0.0006749211241092,0.5667321428571429,0.0006890539711429,0.5644047619047619,1724835936.0074365,1020.7145246840082,1,CONTINUE,InProgress,3,MHc-130_MA-90,ttZ,Combined,ParticleNet,Adam,ReduceLROnPlateau,0.0089831164320112,88,0.0034678088822664,81,0.3,1070.7593695729738
2,0.0007068806063206,0.0006953649205111,0.4915535714285714,0.0007042231403646,0.5,1724835937.53155,1022.2385754419956,1,CONTINUE,InProgress,1,MHc-130_MA-90,ttZ,Combined,ParticleNet,Adadelta,CyclicLR,0.0090820936725569,32,4.791392726960108e-05,81,0.3,1070.7619026899338
2,0.0006163461507785,0.0005985605092275,0.6760416666666667,0.0006122417719591,0.6772380952380952,1724835938.3776176,1018.2368136110016,1,CONTINUE,InProgress,7,MHc-130_MA-90,ttZ,Combined,ParticleNetV2,RMSprop,ReduceLROnPlateau,0.0002208091354021,104,0.0001282209783495,81,0.3,1070.7619392540073
2,0.0006810619607567,0.0006610427463338,0.5768095238095238,0.0006764421420437,0.572595238095238,1724835940.0632837,1024.770437226049,1,CONTINUE,InProgress,6,MHc-130_MA-90,ttZ,Combined,ParticleNet,Adam,CyclicLR,0.0001007462363053,52,0.0046005987647777,81,0.3,1070.7619646210223
2,0.0007022445075923,0.0006863038884032,0.5180892857142857,0.000698565903164,0.5203571428571429,1724835944.6898203,1029.3971718699904,1,CONTINUE,InProgress,5,MHc-130_MA-90,ttZ,Combined,ParticleNetV2,Adadelta,ExponentialLR,0.001540590025151,84,0.0004915589503024,81,0.3,1075.785446526017
2,0.0006371212837596,0.0006194881573319,0.649125,0.0006330521007378,0.6490476190476191,1724835956.1113515,1040.819096468971,1,CONTINUE,InProgress,11,MHc-130_MA-90,ttZ,Combined,ParticleNet,Adam,ExponentialLR,0.0014511988805812,32,0.0032229858336753,81,0.3,1090.7991302909795
2,0.0006126674086565,0.0005953706311328,0.6788809523809524,0.0006086758446125,0.6799761904761905,1724835963.8061707,1048.513495676918,1,CONTINUE,InProgress,2,MHc-130_MA-90,ttZ,Combined,ParticleNet,Adam,ReduceLROnPlateau,0.0048431859060531,52,3.362765123217097e-05,81,0.3,1095.8312004449544
3,0.0006441128437717,0.0006271236489216,0.6385595238095239,0.0006401922603448,0.6392857142857142,1724836374.5161672,1459.223891703994,2,CONTINUE,InProgress,10,MHc-130_MA-90,ttZ,Combined,ParticleNetV2,Adam,ReduceLROnPlateau,0.0069203425599394,128,0.0004998225724625,81,0.3,1506.0834154189797
3,0.0006664181493577,0.0006470744794323,0.6139940476190476,0.0006619542255288,0.6139523809523809,1724836378.0082457,1462.715341491974,2,CONTINUE,InProgress,4,MHc-130_MA-90,ttZ,Combined,ParticleNet,Adam,CyclicLR,0.0001111160629864,84,0.0086547969131059,81,0.3,1511.1107443410438
3,0.0006844785443019,0.0006661899256564,0.5862797619047619,0.0006802580938452,0.5832619047619048,1724836383.5435667,1468.2506536520086,2,CONTINUE,InProgress,3,MHc-130_MA-90,ttZ,Combined,ParticleNet,Adam,ReduceLROnPlateau,0.0089831164320112,88,0.0034678088822664,81,0.3,1516.1127651890274
3,0.0006184341040395,0.0005999432546751,0.6759047619047619,0.0006141669849554,0.6749047619047619,1724836385.2994883,1470.0066388030536,2,CONTINUE,InProgress,9,MHc-130_MA-90,ttZ,Combined,ParticleNet,Adam,ExponentialLR,0.001328945533561,92,0.0090152804228075,81,0.3,1516.1128132890444
3,0.000693824938046,0.0006739328343953,0.5845119047619047,0.0006892344525882,0.5827380952380953,1724836387.459843,1472.167319637956,2,CONTINUE,InProgress,8,MHc-130_MA-90,ttZ,Combined,ParticleNetV2,Adam,ExponentialLR,0.006950222797269,80,0.0009086419271386,81,0.3,1521.1150005059317
3,0.0007062841024781,0.0006945198728215,0.4927321428571428,0.0007035692802497,0.5013571428571428,1724836388.4868531,1473.1938815689646,2,CONTINUE,InProgress,1,MHc-130_MA-90,ttZ,Combined,ParticleNet,Adadelta,CyclicLR,0.0090820936725569,32,4.791392726960108e-05,81,0.3,1521.118424423039
3,0.0006246861955239,0.0006052539157015,0.6657142857142857,0.0006202018232572,0.666,1724836396.382374,1481.0896824550582,2,CONTINUE,InProgress,0,MHc-130_MA-90,ttZ,Combined,ParticleNetV2,Adam,ExponentialLR,0.001,32,0.0003162277660168,81,0.3,1531.1493258649716
3,0.0006696853211947,0.0006501855722495,0.6017559523809524,0.0006651853791304,0.6017857142857143,1724836396.7024016,1481.4095618160209,2,CONTINUE,InProgress,6,MHc-130_MA-90,ttZ,Combined,ParticleNet,Adam,CyclicLR,0.0001007462363053,52,0.0046005987647777,81,0.3,1531.1493710000068
3,0.0006113367754433,0.0005914086241807,0.6856964285714285,0.0006067379713058,0.6830238095238095,1724836402.0473447,1481.906540642958,2,CONTINUE,InProgress,7,MHc-130_MA-90,ttZ,Combined,ParticleNetV2,RMSprop,ReduceLROnPlateau,0.0002208091354021,104,0.0001282209783495,81,0.3,1536.1514939690242
3,0.0007017009441696,0.0006861149785774,0.5186726190476191,0.0006981041828791,0.5201904761904762,1724836412.633614,1497.340963842929,2,CONTINUE,InProgress,5,MHc-130_MA-90,ttZ,Combined,ParticleNetV2,Adadelta,ExponentialLR,0.001540590025151,84,0.0004915589503024,81,0.3,1546.189866503002
3,0.0006267399252525,0.0006099414424527,0.6632440476190476,0.0006228633522987,0.6631666666666667,1724836419.428861,1504.1366047629854,2,CONTINUE,InProgress,11,MHc-130_MA-90,ttZ,Combined,ParticleNet,Adam,ExponentialLR,0.0014511988805812,32,0.0032229858336753,81,0.3,1551.1918739009416
3,0.0006186300160629,0.0006009176181895,0.673625,0.0006145425396306,0.6715952380952381,1724836421.06343,1505.7707635179397,2,CONTINUE,InProgress,2,MHc-130_MA-90,ttZ,Combined,ParticleNet,Adam,ReduceLROnPlateau,0.0048431859060531,52,3.362765123217097e-05,81,0.3,1556.2198562800186
4,0.0006517300947791,0.0006360722198372,0.6280416666666667,0.0006481167390232,0.6298571428571429,1724836824.3340387,1909.04113426595,3,CONTINUE,InProgress,4,MHc-130_MA-90,ttZ,Combined,ParticleNet,Adam,CyclicLR,0.0001111160629864,84,0.0086547969131059,81,0.3,1956.4636405459603
4,0.0006286820124657,0.0006107907348445,0.659422619047619,0.0006245532560916,0.6594523809523809,1724836824.6832433,1909.3909679710632,3,CONTINUE,InProgress,10,MHc-130_MA-90,ttZ,Combined,ParticleNetV2,Adam,ReduceLROnPlateau,0.0069203425599394,128,0.0004998225724625,81,0.3,1956.4666475229897
4,0.0007421937395774,0.0007211679358567,0.5491428571428572,0.0007373416310264,0.545952380952381,1724836832.529896,1917.2369822730543,3,CONTINUE,InProgress,3,MHc-130_MA-90,ttZ,Combined,ParticleNet,Adam,ReduceLROnPlateau,0.0089831164320112,88,0.0034678088822664,81,0.3,1966.502008849988
4,0.0006202156534507,0.0006003162158387,0.6765535714285714,0.0006156234755402,0.674047619047619,1724836835.699397,1920.4065456789683,3,CONTINUE,InProgress,9,MHc-130_MA-90,ttZ,Combined,ParticleNet,Adam,ExponentialLR,0.001328945533561,92,0.0090152804228075,81,0.3,1966.5020533190109
4,0.0007039910814591,0.0006922649883088,0.4984345238095238,0.0007012850599629,0.5052857142857143,1724836840.117345,1924.8243751740083,3,CONTINUE,InProgress,1,MHc-130_MA-90,ttZ,Combined,ParticleNet,Adadelta,CyclicLR,0.0090820936725569,32,4.791392726960108e-05,81,0.3,1971.504854692961
4,0.0006923326455766,0.0006709758869948,0.5811488095238095,0.0006874041628269,0.5783095238095238,1724836841.7159488,1926.423425684916,3,CONTINUE,InProgress,8,MHc-130_MA-90,ttZ,Combined,ParticleNetV2,Adam,ExponentialLR,0.006950222797269,80,0.0009086419271386,81,0.3,1976.553447462968
4,0.0006593657402765,0.0006412370588098,0.6180595238095238,0.0006551821983995,0.6184761904761905,1724836853.3956437,1938.1028049070155,3,CONTINUE,InProgress,6,MHc-130_MA-90,ttZ,Combined,ParticleNet,Adam,CyclicLR,0.0001007462363053,52,0.0046005987647777,81,0.3,1986.5581972360376
4,0.0006196203650108,0.0006003670248956,0.6738809523809524,0.0006151772865227,0.6730714285714285,1724836855.2488804,1939.956185368006,3,CONTINUE,InProgress,0,MHc-130_MA-90,ttZ,Combined,ParticleNetV2,Adam,ExponentialLR,0.001,32,0.0003162277660168,81,0.3,1986.5620780820027
4,0.0006016056330431,0.000582235141879,0.6981547619047619,0.0005971355196975,0.6938333333333333,1724836858.7672796,1938.6264750990083,3,CONTINUE,InProgress,7,MHc-130_MA-90,ttZ,Combined,ParticleNetV2,RMSprop,ReduceLROnPlateau,0.0002208091354021,104,0.0001282209783495,81,0.3,1991.5943443559809
4,0.0007016442208417,0.0006855629331299,0.5187678571428571,0.0006979331544467,0.5218333333333334,1724836874.414629,1959.1219802029664,3,CONTINUE,InProgress,5,MHc-130_MA-90,ttZ,Combined,ParticleNetV2,Adadelta,ExponentialLR,0.001540590025151,84,0.0004915589503024,81,0.3,2006.608622738044
4,0.0006036781417117,0.0005867477850545,0.692375,0.0005997711363292,0.6903095238095238,1724836879.5383108,1964.2456375169568,3,CONTINUE,InProgress,2,MHc-130_MA-90,ttZ,Combined,ParticleNet,Adam,ReduceLROnPlateau,0.0048431859060531,52,3.362765123217097e-05,81,0.3,2011.6418502309823
4,0.0006194325673438,0.0006019038962466,0.6731369047619048,0.0006153874893983,0.6714761904761904,1724836881.1017275,1965.8094715289767,3,CONTINUE,InProgress,11,MHc-130_MA-90,ttZ,Combined,ParticleNet,Adam,ExponentialLR,0.0014511988805812,32,0.0032229858336753,81,0.3,2011.6418957760325
5,0.0006444303543794,0.0006293731714997,0.6352380952380953,0.0006409556198687,0.6382380952380953,1724837269.5657828,2354.2728783289203,4,CONTINUE,InProgress,4,MHc-130_MA-90,ttZ,Combined,ParticleNet,Adam,CyclicLR,0.0001111160629864,84,0.0086547969131059,81,0.3,2401.895539265941
5,0.0006333672666478,0.0006166671468388,0.6526964285714286,0.0006295133928457,0.6546428571428572,1724837272.6879869,2357.39571142802,4,CONTINUE,InProgress,10,MHc-130_MA-90,ttZ,Combined,ParticleNetV2,Adam,ReduceLROnPlateau,0.0069203425599394,128,0.0004998225724625,81,0.3,2406.934734222945
5,0.0006381179261775,0.0006213663192022,0.6472916666666667,0.0006342521707216,0.6466904761904761,1724837280.69214,2365.399226765032,4,STOP,InProgress,3,MHc-130_MA-90,ttZ,Combined,ParticleNet,Adam,ReduceLROnPlateau,0.0089831164320112,88,0.0034678088822664,81,0.3,2411.9371086120373
5,0.0007035508130987,0.0006914973294451,0.4998988095238095,0.0007007692399479,0.5075,1724837290.635561,2375.3425903780158,4,STOP,InProgress,1,MHc-130_MA-90,ttZ,Combined,ParticleNet,Adadelta,CyclicLR,0.0090820936725569,32,4.791392726960108e-05,81,0.3,2422.284455316956
5,0.0007143715944318,0.0006926136634179,0.5649821428571429,0.0007093505334286,0.5625714285714286,1724837294.842666,2379.5501421429217,4,STOP,InProgress,8,MHc-130_MA-90,ttZ,Combined,ParticleNetV2,Adam,ExponentialLR,0.006950222797269,80,0.0009086419271386,81,0.3,2427.783907737001
5,0.0006092000735657,0.0005933736591112,0.6856488095238096,0.0006055478240762,0.6876428571428571,1724837297.3703578,2382.07750828797,4,CONTINUE,InProgress,9,MHc-130_MA-90,ttZ,Combined,ParticleNet,Adam,ExponentialLR,0.001328945533561,92,0.0090152804228075,81,0.3,2428.0063835299807
5,0.0006561332772885,0.000638161810381,0.6230714285714286,0.0006519860156944,0.625,1724837306.2999852,2391.007145617041,4,STOP,InProgress,6,MHc-130_MA-90,ttZ,Combined,ParticleNet,Adam,CyclicLR,0.0001007462363053,52,0.0046005987647777,81,0.3,2438.010439225007
5,0.0006183474110705,0.0005985591170333,0.676875,0.0006137808816773,0.6765,1724837310.766997,2395.474305404001,4,CONTINUE,InProgress,0,MHc-130_MA-90,ttZ,Combined,ParticleNetV2,Adam,ExponentialLR,0.001,32,0.0003162277660168,81,0.3,2443.470600459957
5,0.0005999763462869,0.0005813551059081,0.6974821428571428,0.0005956791369687,0.6941904761904761,1724837314.1907418,2394.0499370830366,4,CONTINUE,InProgress,7,MHc-130_MA-90,ttZ,Combined,ParticleNetV2,RMSprop,ReduceLROnPlateau,0.0002208091354021,104,0.0001282209783495,81,0.3,2448.482935760985
5,0.0007007905370777,0.0006850670033267,0.5209940476190477,0.000697162029289,0.5234047619047619,1724837332.3556612,2417.06301203894,4,STOP,InProgress,5,MHc-130_MA-90,ttZ,Combined,ParticleNetV2,Adadelta,ExponentialLR,0.001540590025151,84,0.0004915589503024,81,0.3,2463.488558736979
5,0.0006029093954889,0.0005848458590252,0.6938869047619047,0.0005987408870742,0.6930952380952381,1724837333.8508615,2418.5581877029035,4,CONTINUE,InProgress,2,MHc-130_MA-90,ttZ,Combined,ParticleNet,Adam,ReduceLROnPlateau,0.0048431859060531,52,3.362765123217097e-05,81,0.3,2469.035805371008
5,0.0006182002364524,0.0006007193202773,0.674172619047619,0.0006141661788736,0.6724285714285714,1724837340.4789324,2425.1866758159595,4,CONTINUE,InProgress,11,MHc-130_MA-90,ttZ,Combined,ParticleNet,Adam,ExponentialLR,0.0014511988805812,32,0.0032229858336753,81,0.3,2474.038159296033
6,0.0006409016007823,0.0006258417414057,0.642,0.0006374262486185,0.6434285714285715,1724837684.160282,2768.8673790959874,5,CONTINUE,InProgress,4,MHc-130_MA-90,ttZ,Combined,ParticleNet,Adam,CyclicLR,0.0001111160629864,84,0.0086547969131059,81,0.3,2819.269814293948
6,0.0006762226059678,0.0006596161400278,0.5863869047619048,0.000672390344597,0.587,1724837691.5557835,2776.26350801799,5,CONTINUE,InProgress,10,MHc-130_MA-90,ttZ,Combined,ParticleNetV2,Adam,ReduceLROnPlateau,0.0069203425599394,128,0.0004998225724625,81,0.3,2824.304276986979
6,0.0006118060760909,0.0005933717237341,0.682970238095238,0.0006075519947778,0.6818095238095238,1724837738.784473,2823.4917796250666,5,CONTINUE,InProgress,0,MHc-130_MA-90,ttZ,Combined,ParticleNetV2,Adam,ExponentialLR,0.001,32,0.0003162277660168,81,0.3,2869.337464467972
6,0.0006098439132528,0.0005933951433925,0.6859226190476191,0.000606048043285,0.6885,1724837739.6968913,2824.404042126029,5,CONTINUE,InProgress,9,MHc-130_MA-90,ttZ,Combined,ParticleNet,Adam,ExponentialLR,0.001328945533561,92,0.0090152804228075,81,0.3,2874.380185534013
6,0.0006008463076892,0.0005815751914467,0.6988214285714286,0.0005963991270178,0.6949761904761905,1724837752.7338238,2832.5930186089827,5,CONTINUE,InProgress,7,MHc-130_MA-90,ttZ,Combined,ParticleNetV2,RMSprop,ReduceLROnPlateau,0.0002208091354021,104,0.0001282209783495,81,0.3,2884.384371779044
6,0.0006017775660824,0.0005844248763862,0.6928452380952381,0.0005977730992294,0.6927619047619048,1724837778.3935454,2863.1008718709927,5,CONTINUE,InProgress,2,MHc-130_MA-90,ttZ,Combined,ParticleNet,Adam,ReduceLROnPlateau,0.0048431859060531,52,3.362765123217097e-05,81,0.3,2909.444480831968
6,0.0006132656291127,0.0005953456553674,0.6813630952380952,0.0006091302505561,0.6799285714285714,1724837788.0065763,2872.714320436004,5,CONTINUE,InProgress,11,MHc-130_MA-90,ttZ,Combined,ParticleNet,Adam,ExponentialLR,0.0014511988805812,32,0.0032229858336753,81,0.3,2919.4815832170425
1,0.0006241397054067,0.0006038590609317,0.671577380952381,0.0006194595566817,0.669,1724837900.6086116,561.2627846429823,0,CONTINUE,InProgress,16,MHc-130_MA-90,ttZ,Combined,ParticleNetV2,RMSprop,ReduceLROnPlateau,0.0002731296178094,104,0.0001730991070883,81,0.3,3034.556506540044
1,0.0006524741842278,0.0006356054640242,0.6276011904761905,0.0006485814026423,0.6270714285714286,1724837902.9983532,564.0196200330975,0,CONTINUE,InProgress,15,MHc-130_MA-90,ttZ,Combined,ParticleNetV2,Adam,ExponentialLR,0.0002477654006963,84,0.0019545007928345,81,0.3,3034.5618786059786
1,0.0006170365963663,0.0006002078354358,0.6721845238095238,0.0006131530361516,0.6739285714285714,1724837907.3185194,568.3397791370517,0,CONTINUE,InProgress,14,MHc-130_MA-90,ttZ,Combined,ParticleNet,Adam,ReduceLROnPlateau,0.0053643169257272,128,1.0171930750315692e-05,81,0.3,3039.600072248024
1,0.0006227296335001,0.0006051510157329,0.6686130952380952,0.0006186730294,0.6691666666666667,1724837915.2070713,576.2281148129841,0,CONTINUE,InProgress,13,MHc-130_MA-90,ttZ,Combined,ParticleNetV2,Adam,ReduceLROnPlateau,0.00498838449366,88,2.1929007603456557e-05,81,0.3,3049.6137332679937
1,0.0006158152710468,0.0005965167990043,0.6819047619047619,0.0006113617774986,0.680952380952381,1724837915.2478168,576.2692331660073,0,CONTINUE,InProgress,12,MHc-130_MA-90,ttZ,Combined,ParticleNetV2,Adam,ReduceLROnPlateau,0.0046452333997913,128,3.7198324391609886e-05,81,0.3,3049.6187662220327
7,0.0006373976200109,0.0006221742083628,0.6459880952380952,0.0006338845250152,0.6491666666666667,1724838125.996374,3210.7034695829498,6,CONTINUE,InProgress,4,MHc-130_MA-90,ttZ,Combined,ParticleNet,Adam,CyclicLR,0.0001111160629864,84,0.0086547969131059,81,0.3,3259.7926210339647
7,0.000642719391414,0.0006222673611981,0.6352619047619048,0.0006379996921334,0.6338809523809524,1724838139.541342,3224.249064964009,6,CONTINUE,InProgress,10,MHc-130_MA-90,ttZ,Combined,ParticleNetV2,Adam,ReduceLROnPlateau,0.0069203425599394,128,0.0004998225724625,81,0.3,3274.8342377980007
7,0.0006115756883862,0.0005925045797512,0.6850178571428571,0.0006071746633166,0.6827619047619048,1724838187.5118976,3272.219204953988,6,CONTINUE,InProgress,0,MHc-130_MA-90,ttZ,Combined,ParticleNetV2,Adam,ExponentialLR,0.001,32,0.0003162277660168,81,0.3,3319.8973302670056
7,0.0006080128252151,0.0005907789649707,0.6901845238095238,0.0006040357805433,0.6887619047619048,1724838199.541202,3284.248352330993,6,CONTINUE,InProgress,9,MHc-130_MA-90,ttZ,Combined,ParticleNet,Adam,ExponentialLR,0.001328945533561,92,0.0090152804228075,81,0.3,3334.9559260039823
7,0.000602957050041,0.0005844668025771,0.6948035714285714,0.000598690069857,0.6920714285714286,1724838207.9758558,3287.835051511065,6,CONTINUE,InProgress,7,MHc-130_MA-90,ttZ,Combined,ParticleNetV2,RMSprop,ReduceLROnPlateau,0.0002208091354021,104,0.0001282209783495,81,0.3,3340.0018170319963
7,0.0006017331662632,0.0005857785216399,0.6931547619047619,0.0005980513251963,0.6918571428571428,1724838234.262372,3318.96969884797,6,CONTINUE,InProgress,2,MHc-130_MA-90,ttZ,Combined,ParticleNet,Adam,ReduceLROnPlateau,0.0048431859060531,52,3.362765123217097e-05,81,0.3,3365.021493726992
7,0.0006095117551585,0.0005935994894022,0.6839583333333333,0.0006058396938301,0.6841428571428572,1724838250.5688496,3335.2765931269387,6,CONTINUE,InProgress,11,MHc-130_MA-90,ttZ,Combined,ParticleNet,Adam,ExponentialLR,0.0014511988805812,32,0.0032229858336753,81,0.3,3385.0747965190094
2,0.0006425419608751,0.0006212371119431,0.6516666666666666,0.0006376254572754,0.6501428571428571,1724838350.2326934,1010.8868670910596,1,CONTINUE,InProgress,16,MHc-130_MA-90,ttZ,Combined,ParticleNetV2,RMSprop,ReduceLROnPlateau,0.0002731296178094,104,0.0001730991070883,81,0.3,3485.187947858009
2,0.0006340917327574,0.0006161450899782,0.6545119047619048,0.0006299501998083,0.6540238095238096,1724838353.1633923,1014.1846619090064,1,CONTINUE,InProgress,15,MHc-130_MA-90,ttZ,Combined,ParticleNetV2,Adam,ExponentialLR,0.0002477654006963,84,0.0019545007928345,81,0.3,3485.193165302975
2,0.0006120238305557,0.0005954306437855,0.6825357142857142,0.0006081946336087,0.6819047619047619,1724838358.1931088,1019.2143725620116,1,CONTINUE,InProgress,14,MHc-130_MA-90,ttZ,Combined,ParticleNet,Adam,ReduceLROnPlateau,0.0053643169257272,128,1.0171930750315692e-05,81,0.3,3490.2345851960126
2,0.0006103963989232,0.0005927696125138,0.6836369047619048,0.0006063286789825,0.6823095238095238,1724838377.2658772,1038.2869211429495,1,CONTINUE,InProgress,13,MHc-130_MA-90,ttZ,Combined,ParticleNetV2,Adam,ReduceLROnPlateau,0.00498838449366,88,2.1929007603456557e-05,81,0.3,3510.2521501509477
2,0.0006193886875396,0.0006013674118689,0.67775,0.0006152299316156,0.6761904761904762,1724838378.6328824,1039.6543006559368,1,CONTINUE,InProgress,12,MHc-130_MA-90,ttZ,Combined,ParticleNetV2,Adam,ReduceLROnPlateau,0.0046452333997913,128,3.7198324391609886e-05,81,0.3,3510.2568995140027
8,0.0006354936804445,0.0006204470342823,0.6478452380952381,0.000632021377484,0.6511428571428571,1724838568.0723715,3652.779467445914,7,CONTINUE,InProgress,4,MHc-130_MA-90,ttZ,Combined,ParticleNet,Adam,CyclicLR,0.0001111160629864,84,0.0086547969131059,81,0.3,3700.4150629249634
8,0.0006557254781325,0.0006364311022417,0.6157678571428571,0.00065127292985,0.6117142857142858,1724838587.7189374,3672.426661903039,7,CONTINUE,InProgress,10,MHc-130_MA-90,ttZ,Combined,ParticleNetV2,Adam,ReduceLROnPlateau,0.0069203425599394,128,0.0004998225724625,81,0.3,3720.4797859099926
8,0.0006106894307548,0.0005910660330028,0.6851607142857142,0.0006061609543505,0.6833809523809524,1724838636.2198603,3720.927167861024,7,CONTINUE,InProgress,0,MHc-130_MA-90,ttZ,Combined,ParticleNetV2,Adam,ExponentialLR,0.001,32,0.0003162277660168,81,0.3,3770.558210721938
8,0.000604962800727,0.0005899609235071,0.6899226190476191,0.0006015008290608,0.6894285714285714,1724838659.6718998,3744.379049620009,7,CONTINUE,InProgress,9,MHc-130_MA-90,ttZ,Combined,ParticleNet,Adam,ExponentialLR,0.001328945533561,92,0.0090152804228075,81,0.3,3790.613239536993
8,0.0005995602775897,0.0005797546995537,0.6982142857142857,0.0005949897595814,0.6948809523809524,1724838663.2381988,3743.097394758021,7,CONTINUE,InProgress,7,MHc-130_MA-90,ttZ,Combined,ParticleNetV2,RMSprop,ReduceLROnPlateau,0.0002208091354021,104,0.0001282209783495,81,0.3,3795.653226244031
8,0.0006035975152183,0.0005863781780714,0.6889583333333333,0.0005996238220305,0.6878571428571428,1724838692.3997738,3777.10710066394,7,CONTINUE,InProgress,2,MHc-130_MA-90,ttZ,Combined,ParticleNet,Adam,ReduceLROnPlateau,0.0048431859060531,52,3.362765123217097e-05,81,0.3,3825.675929279998
8,0.0006122840304814,0.0005951961502432,0.6812916666666666,0.0006083406735034,0.680404761904762,1724838714.5501044,3799.2578482279782,7,CONTINUE,InProgress,11,MHc-130_MA-90,ttZ,Combined,ParticleNet,Adam,ExponentialLR,0.0014511988805812,32,0.0032229858336753,81,0.3,3845.731215826934
3,0.0006120376886711,0.000594096232383,0.6801785714285714,0.0006078973526046,0.6795476190476191,1724838805.198783,1465.8529573159758,2,CONTINUE,InProgress,16,MHc-130_MA-90,ttZ,Combined,ParticleNetV2,RMSprop,ReduceLROnPlateau,0.0002731296178094,104,0.0001730991070883,81,0.3,3935.8442118379753
3,0.0006262414611521,0.0006083037384918,0.6644047619047619,0.000622101986692,0.6647857142857143,1724838808.3081052,1469.3293732950697,2,CONTINUE,InProgress,15,MHc-130_MA-90,ttZ,Combined,ParticleNetV2,Adam,ExponentialLR,0.0002477654006963,84,0.0019545007928345,81,0.3,3940.891788676032
3,0.0006070645129042,0.0005877037513114,0.6887797619047619,0.0006025966448443,0.6844285714285714,1724838808.693093,1469.7143584580626,2,CONTINUE,InProgress,14,MHc-130_MA-90,ttZ,Combined,ParticleNet,Adam,ReduceLROnPlateau,0.0053643169257272,128,1.0171930750315692e-05,81,0.3,3940.8918289670255
3,0.0006266177477226,0.0006052936531958,0.6626488095238096,0.0006216968028318,0.6611190476190476,1724838844.9647803,1505.9858263339847,2,CONTINUE,InProgress,13,MHc-130_MA-90,ttZ,Combined,ParticleNetV2,Adam,ReduceLROnPlateau,0.00498838449366,88,2.1929007603456557e-05,81,0.3,3975.9167136099422
3,0.0006331255016937,0.0006130407548376,0.6504345238095238,0.0006284905601115,0.6493809523809524,1724838847.431223,1508.4526416739682,2,CONTINUE,InProgress,12,MHc-130_MA-90,ttZ,Combined,ParticleNetV2,Adam,ReduceLROnPlateau,0.0046452333997913,128,3.7198324391609886e-05,81,0.3,3980.9576882829424
9,0.0006356467535453,0.0006202111588347,0.6499107142857142,0.0006320846932274,0.6518333333333334,1724839008.4204552,4093.127548447927,8,CONTINUE,InProgress,4,MHc-130_MA-90,ttZ,Combined,ParticleNet,Adam,CyclicLR,0.0001111160629864,84,0.0086547969131059,81,0.3,4141.077200600994
9,0.0006344211061085,0.0006144525103625,0.6561964285714286,0.0006298129686287,0.6523333333333333,1724839036.2064433,4120.914166102069,8,CONTINUE,InProgress,10,MHc-130_MA-90,ttZ,Combined,ParticleNetV2,Adam,ReduceLROnPlateau,0.0069203425599394,128,0.0004998225724625,81,0.3,4171.138241686975
9,0.0006067313366347,0.0005880479035632,0.6886547619047619,0.0006024197751567,0.6853333333333333,1724839086.560732,4171.26803790906,8,CONTINUE,InProgress,0,MHc-130_MA-90,ttZ,Combined,ParticleNetV2,Adam,ExponentialLR,0.001,32,0.0003162277660168,81,0.3,4221.209408283932
9,0.0005946786853529,0.0005769118765989,0.7030357142857143,0.0005905786525635,0.7010714285714286,1724839118.4739485,4198.333141488954,8,CONTINUE,InProgress,7,MHc-130_MA-90,ttZ,Combined,ParticleNetV2,RMSprop,ReduceLROnPlateau,0.0002208091354021,104,0.0001282209783495,81,0.3,4251.271939774044
9,0.0005961487163035,0.0005817619707612,0.7028571428571428,0.0005928286981014,0.703,1724839120.2829845,4204.990131897037,8,CONTINUE,InProgress,9,MHc-130_MA-90,ttZ,Combined,ParticleNet,Adam,ExponentialLR,0.001328945533561,92,0.0090152804228075,81,0.3,4251.278049518005
9,0.0005956101300106,0.0005763092328395,0.702875,0.0005911560768172,0.6990714285714286,1724839149.4264598,4234.133783547906,8,CONTINUE,InProgress,2,MHc-130_MA-90,ttZ,Combined,ParticleNet,Adam,ReduceLROnPlateau,0.0048431859060531,52,3.362765123217097e-05,81,0.3,4281.339908028953
9,0.000611091409801,0.0005945945875275,0.6827261904761904,0.0006072844508148,0.683,1724839175.2096572,4259.917398426915,8,CONTINUE,InProgress,11,MHc-130_MA-90,ttZ,Combined,ParticleNet,Adam,ExponentialLR,0.0014511988805812,32,0.0032229858336753,81,0.3,4306.400970094954
4,0.0006137350884931,0.0005962146456752,0.6802738095238096,0.0006096919093813,0.6756904761904762,1724839255.1446145,1915.7987857270052,3,CONTINUE,InProgress,16,MHc-130_MA-90,ttZ,Combined,ParticleNetV2,RMSprop,ReduceLROnPlateau,0.0002731296178094,104,0.0001730991070883,81,0.3,4386.5068872229895
4,0.000623315364761,0.0006044840592713,0.6682738095238095,0.0006189696788787,0.6675714285714286,1724839257.157398,1918.178666245076,3,CONTINUE,InProgress,15,MHc-130_MA-90,ttZ,Combined,ParticleNetV2,Adam,ExponentialLR,0.0002477654006963,84,0.0019545007928345,81,0.3,4391.55742245703
4,0.0006089494260648,0.0005891867702205,0.6901190476190476,0.0006043888131777,0.6861428571428572,1724839260.1913347,1921.2125970480265,3,CONTINUE,InProgress,14,MHc-130_MA-90,ttZ,Combined,ParticleNet,Adam,ReduceLROnPlateau,0.0053643169257272,128,1.0171930750315692e-05,81,0.3,4391.557463611942
4,0.0006112226944948,0.0005932957760634,0.6786190476190476,0.0006070857133184,0.6768333333333333,1724839307.4850633,1968.5061089829544,3,CONTINUE,InProgress,13,MHc-130_MA-90,ttZ,Combined,ParticleNetV2,Adam,ReduceLROnPlateau,0.00498838449366,88,2.1929007603456557e-05,81,0.3,4441.590768886963
4,0.0006073825617631,0.0005877822949772,0.6871785714285714,0.000602859423274,0.6868809523809524,1724839311.998971,1973.020390640013,3,CONTINUE,InProgress,12,MHc-130_MA-90,ttZ,Combined,ParticleNetV2,Adam,ReduceLROnPlateau,0.0046452333997913,128,3.7198324391609886e-05,81,0.3,4446.651898234035
10,0.0006345301765061,0.0006179687175012,0.651702380952381,0.0006307083013511,0.6537380952380952,1724839446.861053,4531.568150547915,9,CONTINUE,InProgress,4,MHc-130_MA-90,ttZ,Combined,ParticleNet,Adam,CyclicLR,0.0001111160629864,84,0.0086547969131059,81,0.3,4581.747027755948
10,0.0006366856684996,0.0006192233143817,0.647875,0.0006326558944724,0.6505952380952381,1724839484.2032948,4568.911016268074,9,CONTINUE,InProgress,10,MHc-130_MA-90,ttZ,Combined,ParticleNetV2,Adam,ReduceLROnPlateau,0.0069203425599394,128,0.0004998225724625,81,0.3,4616.822636323981
10,0.0006051118707727,0.0005859584442916,0.6919285714285714,0.0006006918492771,0.6885952380952381,1724839534.6962204,4619.4035254700575,9,CONTINUE,InProgress,0,MHc-130_MA-90,ttZ,Combined,ParticleNetV2,Adam,ExponentialLR,0.001,32,0.0003162277660168,81,0.3,4666.915750680957
10,0.0006012037428362,0.0005842347847563,0.6924880952380953,0.0005972878294331,0.6895238095238095,1724839572.383982,4652.243175109965,9,CONTINUE,InProgress,7,MHc-130_MA-90,ttZ,Combined,ParticleNetV2,RMSprop,ReduceLROnPlateau,0.0002208091354021,104,0.0001282209783495,81,0.3,4706.9897202579305
10,0.0006053601284821,0.0005895552053338,0.6902202380952381,0.0006017128385248,0.6902142857142857,1724839581.453679,4666.1608265619725,9,CONTINUE,InProgress,9,MHc-130_MA-90,ttZ,Combined,ParticleNet,Adam,ExponentialLR,0.001328945533561,92,0.0090152804228075,81,0.3,4712.033065162948
10,0.0006005912375237,0.0005796068583925,0.6988511904761905,0.0005957486884934,0.6951428571428572,1724839608.1027994,4692.810122903902,9,CONTINUE,InProgress,2,MHc-130_MA-90,ttZ,Combined,ParticleNet,Adam,ReduceLROnPlateau,0.0048431859060531,52,3.362765123217097e-05,81,0.3,4742.05712038395
10,0.0006131688259541,0.0005956166014075,0.6809583333333333,0.0006091183125972,0.6807619047619048,1724839636.8978505,4721.605592070962,9,CONTINUE,InProgress,11,MHc-130_MA-90,ttZ,Combined,ParticleNet,Adam,ExponentialLR,0.0014511988805812,32,0.0032229858336753,81,0.3,4772.128473024932
5,0.0006118221968767,0.0005935354775616,0.6814166666666667,0.000607602184727,0.6814523809523809,1724839705.002524,2365.656698942068,4,CONTINUE,InProgress,16,MHc-130_MA-90,ttZ,Combined,ParticleNetV2,RMSprop,ReduceLROnPlateau,0.0002731296178094,104,0.0001730991070883,81,0.3,4837.220048428979
5,0.0006184521632535,0.0006005761637574,0.6716964285714285,0.0006143269326005,0.6739761904761905,1724839709.8581853,2370.8794536290225,4,STOP,InProgress,15,MHc-130_MA-90,ttZ,Combined,ParticleNetV2,Adam,ExponentialLR,0.0002477654006963,84,0.0019545007928345,81,0.3,4842.273731013993
5,0.0005897127743633,0.0005736746777381,0.7068809523809524,0.0005860116751421,0.7060238095238095,1724839711.684833,2372.706097844988,4,CONTINUE,InProgress,14,MHc-130_MA-90,ttZ,Combined,ParticleNet,Adam,ReduceLROnPlateau,0.0053643169257272,128,1.0171930750315692e-05,81,0.3,4842.2740695149405
5,0.0006074538114879,0.0005883185554827,0.6873988095238095,0.000603037983179,0.6861904761904762,1724839770.964959,2431.9860039629275,4,CONTINUE,InProgress,13,MHc-130_MA-90,ttZ,Combined,ParticleNetV2,Adam,ReduceLROnPlateau,0.00498838449366,88,2.1929007603456557e-05,81,0.3,4902.954651681939
5,0.0006046480866415,0.0005886875724508,0.6886964285714285,0.000600964891059,0.6891666666666667,1724839776.3785868,2437.40000535897,4,CONTINUE,InProgress,12,MHc-130_MA-90,ttZ,Combined,ParticleNetV2,Adam,ReduceLROnPlateau,0.0046452333997913,128,3.7198324391609886e-05,81,0.3,4907.999492672039
11,0.0006296177783182,0.0006137829252651,0.6583035714285714,0.0006259635814598,0.6604285714285715,1724839880.5762577,4965.283351627993,10,CONTINUE,InProgress,4,MHc-130_MA-90,ttZ,Combined,ParticleNet,Adam,CyclicLR,0.0001111160629864,84,0.0086547969131059,81,0.3,5013.076582154026
11,0.0006623763258258,0.0006448216913711,0.61975,0.0006583252563363,0.6209761904761905,1724839926.9393983,5011.647120928043,10,CONTINUE,InProgress,10,MHc-130_MA-90,ttZ,Combined,ParticleNetV2,Adam,ReduceLROnPlateau,0.0069203425599394,128,0.0004998225724625,81,0.3,5058.161027485039
11,0.0006028710653029,0.0005845954698466,0.6942619047619047,0.0005986536201976,0.6918095238095238,1724839980.887323,5065.59462791204,10,CONTINUE,InProgress,0,MHc-130_MA-90,ttZ,Combined,ParticleNetV2,Adam,ExponentialLR,0.001,32,0.0003162277660168,81,0.3,5113.2605126389535
11,0.0005982884864721,0.0005815125313543,0.6978035714285714,0.0005944171122142,0.697,1724840025.4034834,5105.262676335988,10,CONTINUE,InProgress,7,MHc-130_MA-90,ttZ,Combined,ParticleNetV2,RMSprop,ReduceLROnPlateau,0.0002208091354021,104,0.0001282209783495,81,0.3,5158.343088269932
11,0.0006090445462791,0.0005900818120156,0.6909880952380952,0.0006046685306798,0.6866190476190476,1724840038.7737453,5123.480893037049,10,CONTINUE,InProgress,9,MHc-130_MA-90,ttZ,Combined,ParticleNet,Adam,ExponentialLR,0.001328945533561,92,0.0090152804228075,81,0.3,5173.404566679965
11,0.000604773124946,0.0005856764348489,0.6895833333333333,0.000600366196462,0.6873095238095238,1724840066.3506172,5151.057942533982,10,CONTINUE,InProgress,2,MHc-130_MA-90,ttZ,Combined,ParticleNet,Adam,ReduceLROnPlateau,0.0048431859060531,52,3.362765123217097e-05,81,0.3,5198.470166784013
11,0.0006098994009906,0.0005947433685262,0.6819940476190476,0.0006064018550373,0.6815238095238095,1724840095.3955808,5180.103322708979,10,CONTINUE,InProgress,11,MHc-130_MA-90,ttZ,Combined,ParticleNet,Adam,ExponentialLR,0.0014511988805812,32,0.0032229858336753,81,0.3,5228.547054552939
6,0.0006157395472129,0.0005943626122815,0.6787738095238095,0.0006108064083825,0.6766904761904762,1724840157.302729,2817.9569047030527,5,CONTINUE,InProgress,16,MHc-130_MA-90,ttZ,Combined,ParticleNetV2,RMSprop,ReduceLROnPlateau,0.0002731296178094,104,0.0001730991070883,81,0.3,5288.650122337043
6,0.0005905327678791,0.0005752052505101,0.7046904761904762,0.0005869956484862,0.7060238095238095,1724840160.8687742,2821.8900388560724,5,CONTINUE,InProgress,14,MHc-130_MA-90,ttZ,Combined,ParticleNet,Adam,ReduceLROnPlateau,0.0053643169257272,128,1.0171930750315692e-05,81,0.3,5293.706912780996
6,0.0006009985427771,0.0005807435789278,0.6976369047619048,0.0005963243203503,0.6946428571428571,1724840239.3638334,2900.384878452984,5,CONTINUE,InProgress,13,MHc-130_MA-90,ttZ,Combined,ParticleNetV2,Adam,ReduceLROnPlateau,0.00498838449366,88,2.1929007603456557e-05,81,0.3,5373.767936068936
6,0.0006045192453478,0.0005867822968534,0.691125,0.0006004261033875,0.6898571428571428,1724840242.645115,2903.6665351459524,5,CONTINUE,InProgress,12,MHc-130_MA-90,ttZ,Combined,ParticleNetV2,Adam,ReduceLROnPlateau,0.0046452333997913,128,3.7198324391609886e-05,81,0.3,5373.775439423975
12,0.0006209281626556,0.000603771689747,0.6687202380952381,0.0006169689765998,0.6725714285714286,1724840312.1582708,5396.865364418947,11,CONTINUE,InProgress,4,MHc-130_MA-90,ttZ,Combined,ParticleNet,Adam,CyclicLR,0.0001111160629864,84,0.0086547969131059,81,0.3,5443.876851966954
1,0.000618726824898,0.0006016690876512,0.6710119047619048,0.0006147904239949,0.6716666666666666,1724840342.9494948,578.251794131007,0,CONTINUE,InProgress,17,MHc-130_MA-90,ttZ,Combined,ParticleNetV2,RMSprop,ReduceLROnPlateau,0.0001007231845794,104,8.127581354339206e-05,81,0.3,5473.950141942012
12,0.0006263406497381,0.000608435381736,0.6648511904761905,0.0006222086648146,0.6673333333333333,1724840375.880471,5460.588193082018,11,CONTINUE,InProgress,10,MHc-130_MA-90,ttZ,Combined,ParticleNetV2,Adam,ReduceLROnPlateau,0.0069203425599394,128,0.0004998225724625,81,0.3,5509.0347654459765
12,0.000601595876153,0.0005826450341514,0.696625,0.0005972226049218,0.691952380952381,1724840429.7642434,5514.471549569047,11,CONTINUE,InProgress,0,MHc-130_MA-90,ttZ,Combined,ParticleNetV2,Adam,ExponentialLR,0.001,32,0.0003162277660168,81,0.3,5564.126711905003
12,0.0006002303091188,0.0005819926052576,0.697625,0.0005960216082277,0.6951666666666667,1724840477.6919465,5557.551140001975,11,CONTINUE,InProgress,7,MHc-130_MA-90,ttZ,Combined,ParticleNetV2,RMSprop,ReduceLROnPlateau,0.0002208091354021,104,0.0001282209783495,81,0.3,5609.220324688009
12,0.0006281839855015,0.0006146703692419,0.656125,0.0006250654586723,0.6577619047619048,1724840500.5447557,5585.2519028940005,11,CONTINUE,InProgress,9,MHc-130_MA-90,ttZ,Combined,ParticleNet,Adam,ExponentialLR,0.001328945533561,92,0.0090152804228075,81,0.3,5634.289012160036
12,0.0006070073224249,0.0005889184687818,0.6843809523809524,0.0006028329715842,0.6826666666666666,1724840519.449328,5604.156651329948,11,CONTINUE,InProgress,2,MHc-130_MA-90,ttZ,Combined,ParticleNet,Adam,ReduceLROnPlateau,0.0048431859060531,52,3.362765123217097e-05,81,0.3,5654.365775121958
12,0.0006088923740245,0.0005918792691968,0.6864464285714286,0.0006049662729104,0.6853571428571429,1724840559.1053572,5643.813098685001,11,CONTINUE,InProgress,11,MHc-130_MA-90,ttZ,Combined,ParticleNet,Adam,ExponentialLR,0.0014511988805812,32,0.0032229858336753,81,0.3,5694.457698220969
7,0.000583175103047,0.0005670029666452,0.7141666666666666,0.0005794430715697,0.7138809523809524,1724840613.992571,3275.013837318984,6,CONTINUE,InProgress,14,MHc-130_MA-90,ttZ,Combined,ParticleNet,Adam,ReduceLROnPlateau,0.0053643169257272,128,1.0171930750315692e-05,81,0.3,5744.556402712013
7,0.0006136871980059,0.0005934510337454,0.6835654761904761,0.0006090173139458,0.6805476190476191,1724840617.4185662,3278.072742808028,6,CONTINUE,InProgress,16,MHc-130_MA-90,ttZ,Combined,ParticleNetV2,RMSprop,ReduceLROnPlateau,0.0002731296178094,104,0.0001730991070883,81,0.3,5749.615804495988
7,0.0006048651508277,0.0005864877562437,0.6886845238095238,0.000600624213616,0.6892380952380952,1724840700.4695048,3361.49092349899,6,CONTINUE,InProgress,12,MHc-130_MA-90,ttZ,Combined,ParticleNetV2,Adam,ReduceLROnPlateau,0.0046452333997913,128,3.7198324391609886e-05,81,0.3,5834.680676704971
7,0.0006050150026877,0.0005870650169395,0.6915059523809524,0.0006008726982843,0.6873809523809524,1724840701.2696898,3362.290735405986,6,CONTINUE,InProgress,13,MHc-130_MA-90,ttZ,Combined,ParticleNetV2,Adam,ReduceLROnPlateau,0.00498838449366,88,2.1929007603456557e-05,81,0.3,5834.687889353954
13,0.0006253307800562,0.0006072673339928,0.6648630952380953,0.0006211622925031,0.6666428571428571,1724840742.943486,5827.65058008302,12,CONTINUE,InProgress,4,MHc-130_MA-90,ttZ,Combined,ParticleNet,Adam,CyclicLR,0.0001111160629864,84,0.0086547969131059,81,0.3,5874.77043510403
2,0.0006151311824719,0.000596485851776,0.677,0.0006108284138497,0.6762380952380952,1724840801.4029148,1036.7052167219808,1,CONTINUE,InProgress,17,MHc-130_MA-90,ttZ,Combined,ParticleNetV2,RMSprop,ReduceLROnPlateau,0.0001007231845794,104,8.127581354339206e-05,81,0.3,5934.867912110989
13,0.0006246623516437,0.0006060556943217,0.6673154761904762,0.0006203685076463,0.6675238095238095,1724840826.1197195,5910.827441991074,12,CONTINUE,InProgress,10,MHc-130_MA-90,ttZ,Combined,ParticleNetV2,Adam,ReduceLROnPlateau,0.0069203425599394,128,0.0004998225724625,81,0.3,5959.937399048009
13,0.0006045710350076,0.0005852828515427,0.6925654761904761,0.0006001199157465,0.6892142857142857,1724840880.3652096,5965.072514528991,12,CONTINUE,InProgress,0,MHc-130_MA-90,ttZ,Combined,ParticleNetV2,Adam,ExponentialLR,0.001,32,0.0003162277660168,81,0.3,6015.02280746703
13,0.0005968091342775,0.0005796116998507,0.7003928571428572,0.0005928404955636,0.6979047619047619,1724840930.6656618,6010.524853297975,12,CONTINUE,InProgress,7,MHc-130_MA-90,ttZ,Combined,ParticleNetV2,RMSprop,ReduceLROnPlateau,0.0002208091354021,104,0.0001282209783495,81,0.3,6065.115395033034
13,0.000592833716032,0.0005787228636798,0.7073869047619048,0.0005895773654892,0.7078095238095238,1724840962.563423,6047.2705690150615,12,CONTINUE,InProgress,9,MHc-130_MA-90,ttZ,Combined,ParticleNet,Adam,ExponentialLR,0.001328945533561,92,0.0090152804228075,81,0.3,6095.198926243931
13,0.000598876553561,0.0005789432490155,0.6985833333333333,0.0005942765602043,0.6959047619047619,1724840969.5746143,6054.281938124914,12,CONTINUE,InProgress,2,MHc-130_MA-90,ttZ,Combined,ParticleNet,Adam,ReduceLROnPlateau,0.0048431859060531,52,3.362765123217097e-05,81,0.3,6100.259761104942
13,0.0006061249437076,0.000590321012196,0.6875595238095238,0.0006024778825896,0.6877619047619048,1724841023.0436673,6107.751408495009,12,CONTINUE,InProgress,11,MHc-130_MA-90,ttZ,Combined,ParticleNet,Adam,ExponentialLR,0.0014511988805812,32,0.0032229858336753,81,0.3,6155.2990929220105
8,0.0005781672164088,0.0005613812775838,0.720047619047619,0.0005742935382184,0.7166666666666667,1724841065.4986174,3726.519881715998,7,CONTINUE,InProgress,14,MHc-130_MA-90,ttZ,Combined,ParticleNet,Adam,ReduceLROnPlateau,0.0053643169257272,128,1.0171930750315692e-05,81,0.3,6200.397797300946
8,0.0006597914979571,0.000640114527373,0.6273928571428572,0.0006552506585915,0.6269523809523809,1724841078.5787785,3739.232952965074,7,CONTINUE,InProgress,16,MHc-130_MA-90,ttZ,Combined,ParticleNetV2,RMSprop,ReduceLROnPlateau,0.0002731296178094,104,0.0001730991070883,81,0.3,6210.460629482986
8,0.0006057463783238,0.000586356279041,0.6886190476190476,0.0006012717400278,0.6867619047619048,1724841158.3639815,3819.3854016319374,7,CONTINUE,InProgress,12,MHc-130_MA-90,ttZ,Combined,ParticleNetV2,Adam,ReduceLROnPlateau,0.0046452333997913,128,3.7198324391609886e-05,81,0.3,6290.520744657959
8,0.0006053761247722,0.0005875796218003,0.6901011904761905,0.000601269239471,0.6902619047619047,1724841162.966734,3823.9877792439656,7,CONTINUE,InProgress,13,MHc-130_MA-90,ttZ,Combined,ParticleNetV2,Adam,ReduceLROnPlateau,0.00498838449366,88,2.1929007603456557e-05,81,0.3,6295.582772781956
14,0.0006158720464933,0.0005985636838844,0.6762976190476191,0.0006118778089682,0.6795,1724841172.1766827,6256.883776164963,13,CONTINUE,InProgress,4,MHc-130_MA-90,ttZ,Combined,ParticleNet,Adam,CyclicLR,0.0001111160629864,84,0.0086547969131059,81,0.3,6305.597940988955
3,0.0006096005297487,0.0005908508396574,0.6841547619047619,0.0006052736781892,0.6828333333333333,1724841268.0467792,1503.3490788349882,2,CONTINUE,InProgress,17,MHc-130_MA-90,ttZ,Combined,ParticleNetV2,RMSprop,ReduceLROnPlateau,0.0001007231845794,104,8.127581354339206e-05,81,0.3,6400.717740138993
14,0.0006755613380954,0.00065588224218,0.6047738095238095,0.0006710200082688,0.6022142857142857,1724841274.3085794,6359.01630152599,13,CONTINUE,InProgress,10,MHc-130_MA-90,ttZ,Combined,ParticleNetV2,Adam,ReduceLROnPlateau,0.0069203425599394,128,0.0004998225724625,81,0.3,6405.775142563973
14,0.0006037727971871,0.0005844241423266,0.6933095238095238,0.0005993077229885,0.6907857142857143,1724841330.7168956,6415.424202010036,13,CONTINUE,InProgress,0,MHc-130_MA-90,ttZ,Combined,ParticleNetV2,Adam,ExponentialLR,0.001,32,0.0003162277660168,81,0.3,6465.827610636945
14,0.0005955565990081,0.0005761987449867,0.7033571428571429,0.0005910894019263,0.7001666666666667,1724841382.1676917,6462.026885480038,13,CONTINUE,InProgress,7,MHc-130_MA-90,ttZ,Combined,ParticleNetV2,RMSprop,ReduceLROnPlateau,0.0002208091354021,104,0.0001282209783495,81,0.3,6515.933252383955
14,0.0006070833935624,0.0005931270179294,0.6847261904761904,0.0006038626914932,0.6877380952380953,1724841423.8728695,6508.580016638967,13,CONTINUE,InProgress,9,MHc-130_MA-90,ttZ,Combined,ParticleNet,Adam,ExponentialLR,0.001328945533561,92,0.0090152804228075,81,0.3,6556.02303227596
14,0.0005966172632362,0.0005783964817722,0.6998928571428571,0.0005924124675137,0.6986666666666667,1724841424.308221,6509.01554523292,13,CONTINUE,InProgress,2,MHc-130_MA-90,ttZ,Combined,ParticleNet,Adam,ReduceLROnPlateau,0.0048431859060531,52,3.362765123217097e-05,81,0.3,6556.031684173038
14,0.0006083360608844,0.0005900134862888,0.6880357142857143,0.0006041077744393,0.6883095238095238,1724841484.576054,6569.283794975956,13,CONTINUE,InProgress,11,MHc-130_MA-90,ttZ,Combined,ParticleNet,Adam,ExponentialLR,0.0014511988805812,32,0.0032229858336753,81,0.3,6616.116791335982
9,0.0005843194516286,0.000569258518517,0.7131130952380952,0.0005808438516798,0.7100714285714286,1724841517.543689,4178.56495189399,8,CONTINUE,InProgress,14,MHc-130_MA-90,ttZ,Combined,ParticleNet,Adam,ReduceLROnPlateau,0.0053643169257272,128,1.0171930750315692e-05,81,0.3,6651.201581708039
9,0.0006130728352282,0.0005918720403597,0.685970238095238,0.0006081803441047,0.6816190476190476,1724841539.3785486,4200.032719937968,8,CONTINUE,InProgress,16,MHc-130_MA-90,ttZ,Combined,ParticleNetV2,RMSprop,ReduceLROnPlateau,0.0002731296178094,104,0.0001730991070883,81,0.3,6671.280875443947
15,0.0006155371168539,0.0005987091852085,0.67625,0.0006116537480127,0.6792619047619047,1724841605.7133384,6690.420432645944,14,CONTINUE,InProgress,4,MHc-130_MA-90,ttZ,Combined,ParticleNet,Adam,CyclicLR,0.0001111160629864,84,0.0086547969131059,81,0.3,6736.398487285012
9,0.0006316567604385,0.0006120478784044,0.6589107142857142,0.0006271316338153,0.6600238095238096,1724841615.746991,4276.768407035037,8,CONTINUE,InProgress,12,MHc-130_MA-90,ttZ,Combined,ParticleNetV2,Adam,ReduceLROnPlateau,0.0046452333997913,128,3.7198324391609886e-05,81,0.3,6746.462676048046
9,0.000596297969811,0.0005776546366867,0.7019464285714285,0.0005919956621669,0.6992142857142857,1724841625.2695663,4286.290609318996,8,CONTINUE,InProgress,13,MHc-130_MA-90,ttZ,Combined,ParticleNetV2,Adam,ReduceLROnPlateau,0.00498838449366,88,2.1929007603456557e-05,81,0.3,6756.468881301931
15,0.0006339739148105,0.0006157328841232,0.6548154761904762,0.0006297644461904,0.6542619047619047,1724841724.1960611,6808.903790296987,14,STOP,InProgress,10,MHc-130_MA-90,ttZ,Combined,ParticleNetV2,Adam,ReduceLROnPlateau,0.0069203425599394,128,0.0004998225724625,81,0.3,6856.617447674042
4,0.0006013264872133,0.0005838025939606,0.6946904761904762,0.0005972825118473,0.6936666666666667,1724841728.6607924,1963.9630933089647,3,CONTINUE,InProgress,17,MHc-130_MA-90,ttZ,Combined,ParticleNetV2,RMSprop,ReduceLROnPlateau,0.0001007231845794,104,8.127581354339206e-05,81,0.3,6862.211157815997
15,0.0006003928040819,0.0005819905779901,0.6965714285714286,0.0005961461365222,0.692595238095238,1724841778.1621711,6862.869476629072,14,CONTINUE,InProgress,0,MHc-130_MA-90,ttZ,Combined,ParticleNetV2,Adam,ExponentialLR,0.001,32,0.0003162277660168,81,0.3,6912.260616092011
15,0.0006099311317716,0.0005895590966656,0.6873154761904762,0.000605229892901,0.6866190476190476,1724841829.4376943,6909.2968882550485,14,CONTINUE,InProgress,7,MHc-130_MA-90,ttZ,Combined,ParticleNetV2,RMSprop,ReduceLROnPlateau,0.0002208091354021,104,0.0001282209783495,81,0.3,6962.3645087570185
15,0.0005958628419964,0.0005791611724666,0.6999821428571429,0.0005920086105664,0.6997857142857142,1724841867.0392785,6951.746602151892,14,CONTINUE,InProgress,2,MHc-130_MA-90,ttZ,Combined,ParticleNet,Adam,ReduceLROnPlateau,0.0048431859060531,52,3.362765123217097e-05,81,0.3,7002.44749561802
15,0.0006073133541359,0.0005886063948273,0.6925238095238095,0.0006029963635262,0.6900714285714286,1724841880.4031055,6965.110253173043,14,STOP,InProgress,9,MHc-130_MA-90,ttZ,Combined,ParticleNet,Adam,ExponentialLR,0.001328945533561,92,0.0090152804228075,81,0.3,7012.516241259989
15,0.0006161226373343,0.0006001814845062,0.6742380952380952,0.0006124439097586,0.6761904761904762,1724841939.506929,7024.214669009903,14,STOP,InProgress,11,MHc-130_MA-90,ttZ,Combined,ParticleNet,Adam,ExponentialLR,0.0014511988805812,32,0.0032229858336753,81,0.3,7073.063083237968
10,0.000570229518449,0.0005554342259253,0.7279523809523809,0.0005668152201743,0.7247619047619047,1724841957.4302557,4618.451516992063,9,CONTINUE,InProgress,14,MHc-130_MA-90,ttZ,Combined,ParticleNet,Adam,ReduceLROnPlateau,0.0053643169257272,128,1.0171930750315692e-05,81,0.3,7088.652340500965
10,0.0006028169844831,0.0005843903323014,0.696,0.0005985646801335,0.6947857142857143,1724841983.6192107,4644.273380112019,9,CONTINUE,InProgress,16,MHc-130_MA-90,ttZ,Combined,ParticleNetV2,RMSprop,ReduceLROnPlateau,0.0002731296178094,104,0.0001730991070883,81,0.3,7118.728864670964
16,0.0006130725333733,0.0005967463279763,0.6788690476190476,0.0006093049475124,0.6822380952380952,1724842019.266374,7103.973467982956,15,CONTINUE,InProgress,4,MHc-130_MA-90,ttZ,Combined,ParticleNet,Adam,CyclicLR,0.0001111160629864,84,0.0086547969131059,81,0.3,7153.808669132995
10,0.0006112790852075,0.0005936014361324,0.6826130952380952,0.0006071996277286,0.6806666666666666,1724842051.7834969,4712.804913347005,9,CONTINUE,InProgress,12,MHc-130_MA-90,ttZ,Combined,ParticleNetV2,Adam,ReduceLROnPlateau,0.0046452333997913,128,3.7198324391609886e-05,81,0.3,7183.892555280007
10,0.0006014054210767,0.0005827478443582,0.6942380952380952,0.0005970998264494,0.6937380952380953,1724842062.7409492,4723.761991752894,9,CONTINUE,InProgress,13,MHc-130_MA-90,ttZ,Combined,ParticleNetV2,Adam,ReduceLROnPlateau,0.00498838449366,88,2.1929007603456557e-05,81,0.3,7193.950656587025
5,0.0006001560607836,0.0005839732225452,0.6944345238095239,0.0005964215596516,0.6943333333333334,1724842158.2495427,2393.5518555629533,4,CONTINUE,InProgress,17,MHc-130_MA-90,ttZ,Combined,ParticleNetV2,RMSprop,ReduceLROnPlateau,0.0001007231845794,104,8.127581354339206e-05,81,0.3,7289.023431329988
16,0.0005983485330783,0.0005806426444933,0.698029761904762,0.0005942625587894,0.695047619047619,1724842198.0313282,7282.738634568988,15,CONTINUE,InProgress,0,MHc-130_MA-90,ttZ,Combined,ParticleNetV2,Adam,ExponentialLR,0.001,32,0.0003162277660168,81,0.3,7329.106224732939
16,0.0006361734353005,0.0006169513091444,0.6515595238095238,0.0006317375600337,0.649,1724842244.6254628,7324.484656480956,15,CONTINUE,InProgress,7,MHc-130_MA-90,ttZ,Combined,ParticleNetV2,RMSprop,ReduceLROnPlateau,0.0002208091354021,104,0.0001282209783495,81,0.3,7379.207844238961
16,0.0005993069777176,0.0005824340063901,0.6992142857142857,0.0005954132151036,0.6966190476190476,1724842293.6599202,7378.367245413945,15,CONTINUE,InProgress,2,MHc-130_MA-90,ttZ,Combined,ParticleNet,Adam,ReduceLROnPlateau,0.0048431859060531,52,3.362765123217097e-05,81,0.3,7424.306643966003
11,0.0005777538789524,0.0005637576611978,0.7213809523809523,0.0005745239825475,0.7198095238095238,1724842393.4597647,5054.481026977999,10,CONTINUE,InProgress,14,MHc-130_MA-90,ttZ,Combined,ParticleNet,Adam,ReduceLROnPlateau,0.0053643169257272,128,1.0171930750315692e-05,81,0.3,7524.453610557015
11,0.0006217974277479,0.0006009649641457,0.6689702380952381,0.0006169899361474,0.6664285714285715,1724842424.419875,5085.074045332032,10,CONTINUE,InProgress,16,MHc-130_MA-90,ttZ,Combined,ParticleNetV2,RMSprop,ReduceLROnPlateau,0.0002731296178094,104,0.0001730991070883,81,0.3,7559.663356630946
17,0.0006128507465833,0.0005960825419142,0.6793988095238095,0.0006089811608904,0.682,1724842438.008968,7522.71606478293,16,CONTINUE,InProgress,4,MHc-130_MA-90,ttZ,Combined,ParticleNet,Adam,CyclicLR,0.0001111160629864,84,0.0086547969131059,81,0.3,7569.731845214032
11,0.0005996977348057,0.0005808438988668,0.6982083333333333,0.0005953468495891,0.6951428571428572,1724842501.4358509,5162.457267881022,10,CONTINUE,InProgress,12,MHc-130_MA-90,ttZ,Combined,ParticleNetV2,Adam,ReduceLROnPlateau,0.0046452333997913,128,3.7198324391609886e-05,81,0.3,7634.776828865986
11,0.0006001200035569,0.0005799985098696,0.6989404761904762,0.0005954765819367,0.6966190476190476,1724842514.7745054,5175.795547965914,10,CONTINUE,InProgress,13,MHc-130_MA-90,ttZ,Combined,ParticleNetV2,Adam,ReduceLROnPlateau,0.00498838449366,88,2.1929007603456557e-05,81,0.3,7649.860835009022
1,0.0006307470049531,0.0006108043296706,0.6573333333333333,0.0006261448491187,0.6563571428571429,1724842529.7753663,569.3991762580117,0,CONTINUE,InProgress,18,MHc-130_MA-90,ttZ,Combined,ParticleNet,RMSprop,CyclicLR,0.0013157885237181,84,1.597252124507081e-05,81,0.3,7664.935001068981
6,0.000594084427896,0.0005780316250664,0.7008035714285714,0.0005903799349353,0.7009047619047619,1724842613.999867,2849.3021691129543,5,CONTINUE,InProgress,17,MHc-130_MA-90,ttZ,Combined,ParticleNetV2,RMSprop,ReduceLROnPlateau,0.0001007231845794,104,8.127581354339206e-05,81,0.3,7745.062442851951
17,0.0006003290912934,0.0005820876657962,0.6954345238095239,0.0005961195315633,0.6931428571428572,1724842660.352047,7745.059349352028,16,CONTINUE,InProgress,0,MHc-130_MA-90,ttZ,Combined,ParticleNetV2,Adam,ExponentialLR,0.001,32,0.0003162277660168,81,0.3,7795.157929259003
17,0.0006076310890771,0.0005886059836262,0.6832142857142857,0.0006032406801269,0.6807142857142857,1724842693.1933,7773.052496465971,16,CONTINUE,InProgress,7,MHc-130_MA-90,ttZ,Combined,ParticleNetV2,RMSprop,ReduceLROnPlateau,0.0002208091354021,104,0.0001282209783495,81,0.3,7825.238900677999
1,0.0006418126038497,0.0006231984414515,0.6455119047619048,0.0006375170279116,0.6459761904761905,1724842694.4463916,575.7475571410032,0,CONTINUE,InProgress,20,MHc-130_MA-90,ttZ,Combined,ParticleNet,RMSprop,ExponentialLR,0.0018557845930638,52,1.082941664461586e-05,81,0.3,7825.248675302952
1,0.0006226248145813,0.0006050004426922,0.6655357142857142,0.0006185576518376,0.6645952380952381,1724842699.60314,580.9036293920362,0,CONTINUE,InProgress,19,MHc-130_MA-90,ttZ,Combined,ParticleNet,RMSprop,ExponentialLR,0.0003646913488767,104,1.2851032636664024e-05,81,0.3,7830.309664117987
17,0.0005942360166992,0.0005769450054282,0.7004761904761905,0.000590245783329,0.699047619047619,1724842744.8084176,7829.515741618932,16,CONTINUE,InProgress,2,MHc-130_MA-90,ttZ,Combined,ParticleNet,Adam,ReduceLROnPlateau,0.0048431859060531,52,3.362765123217097e-05,81,0.3,7880.3472292049555
12,0.0005760973196299,0.0005621289664081,0.722375,0.0005728738535018,0.7225714285714285,1724842847.055706,5508.0769688580185,11,CONTINUE,InProgress,14,MHc-130_MA-90,ttZ,Combined,ParticleNet,Adam,ReduceLROnPlateau,0.0053643169257272,128,1.0171930750315692e-05,81,0.3,7980.486179208034
18,0.0006101079689604,0.0005935158743744,0.6825595238095238,0.000606279024056,0.6848571428571428,1724842876.5139723,7961.221067523933,17,CONTINUE,InProgress,4,MHc-130_MA-90,ttZ,Combined,ParticleNet,Adam,CyclicLR,0.0001111160629864,84,0.0086547969131059,81,0.3,8010.570571844932
12,0.0006504644724939,0.0006297889582457,0.6458809523809523,0.0006456931999751,0.6438095238095238,1724842884.8430848,5545.497256456991,11,CONTINUE,InProgress,16,MHc-130_MA-90,ttZ,Combined,ParticleNetV2,RMSprop,ReduceLROnPlateau,0.0002731296178094,104,0.0001730991070883,81,0.3,8015.641528405016
12,0.000599317474131,0.0005806012008161,0.6991785714285714,0.0005949983341353,0.6962142857142857,1724842958.921281,5619.942698391038,11,CONTINUE,InProgress,12,MHc-130_MA-90,ttZ,Combined,ParticleNetV2,Adam,ReduceLROnPlateau,0.0046452333997913,128,3.7198324391609886e-05,81,0.3,8090.702969677979
12,0.0005971469655987,0.0005783253961375,0.7016666666666667,0.0005928035264923,0.697595238095238,1724842978.8565235,5639.877566556912,11,CONTINUE,InProgress,13,MHc-130_MA-90,ttZ,Combined,ParticleNetV2,Adam,ReduceLROnPlateau,0.00498838449366,88,2.1929007603456557e-05,81,0.3,8110.789074179018
2,0.0006154159745644,0.0005984969234892,0.6756785714285715,0.0006115115781625,0.6760714285714285,1724842988.469644,1028.093456579023,1,CONTINUE,InProgress,18,MHc-130_MA-90,ttZ,Combined,ParticleNet,RMSprop,CyclicLR,0.0013157885237181,84,1.597252124507081e-05,81,0.3,8120.850533345016
7,0.0005918125416906,0.0005773063348162,0.7027678571428572,0.0005884649554888,0.7023571428571429,1724843070.2367692,3305.539070772007,6,CONTINUE,InProgress,17,MHc-130_MA-90,ttZ,Combined,ParticleNetV2,RMSprop,ReduceLROnPlateau,0.0001007231845794,104,8.127581354339206e-05,81,0.3,8200.925862292992
18,0.0006013903498649,0.0005827058610462,0.6946904761904762,0.0005970785447529,0.6930952380952381,1724843110.269069,8194.976374172023,17,CONTINUE,InProgress,0,MHc-130_MA-90,ttZ,Combined,ParticleNetV2,Adam,ExponentialLR,0.001,32,0.0003162277660168,81,0.3,8241.026443589944
18,0.0005947633885201,0.0005751536204701,0.7041428571428572,0.0005902380574317,0.7015238095238095,1724843129.117904,8208.977098449017,17,CONTINUE,InProgress,7,MHc-130_MA-90,ttZ,Combined,ParticleNetV2,RMSprop,ReduceLROnPlateau,0.0002208091354021,104,0.0001282209783495,81,0.3,8261.093552230042
2,0.0006207668152593,0.0006016900681314,0.668625,0.000616364488999,0.6669285714285714,1724843153.3281217,1034.6292950010393,1,CONTINUE,InProgress,20,MHc-130_MA-90,ttZ,Combined,ParticleNet,RMSprop,ExponentialLR,0.0018557845930638,52,1.082941664461586e-05,81,0.3,8286.187047556974
2,0.0006109732840387,0.0005946833402627,0.6782083333333333,0.0006072140662443,0.6800238095238095,1724843154.0778046,1035.3782974749338,1,CONTINUE,InProgress,19,MHc-130_MA-90,ttZ,Combined,ParticleNet,RMSprop,ExponentialLR,0.0003646913488767,104,1.2851032636664024e-05,81,0.3,8286.197441312019
18,0.0005943182384683,0.0005769995351632,0.7032202380952381,0.0005903216146287,0.7010238095238095,1724843203.2700036,8287.977327230969,17,CONTINUE,InProgress,2,MHc-130_MA-90,ttZ,Combined,ParticleNet,Adam,ReduceLROnPlateau,0.0048431859060531,52,3.362765123217097e-05,81,0.3,8336.289459430962
13,0.0005740186605779,0.0005551498117191,0.7282857142857143,0.0005696643108413,0.7248571428571429,1724843299.520367,5960.541628845036,12,CONTINUE,InProgress,14,MHc-130_MA-90,ttZ,Combined,ParticleNet,Adam,ReduceLROnPlateau,0.0053643169257272,128,1.0171930750315692e-05,81,0.3,8431.444170783972
19,0.0006107823495708,0.0005944725463078,0.6823333333333333,0.0006070185488178,0.6854047619047619,1724843306.061939,8390.769032225013,18,CONTINUE,InProgress,4,MHc-130_MA-90,ttZ,Combined,ParticleNet,Adam,CyclicLR,0.0001111160629864,84,0.0086547969131059,81,0.3,8441.526026420994
13,0.0006115015498229,0.000596387359358,0.6771369047619048,0.0006080136597156,0.6787380952380953,1724843344.8476927,6005.501863984042,12,CONTINUE,InProgress,16,MHc-130_MA-90,ttZ,Combined,ParticleNetV2,RMSprop,ReduceLROnPlateau,0.0002731296178094,104,0.0001730991070883,81,0.3,8476.556804012973
13,0.0005988946995919,0.0005819082292062,0.6962261904761905,0.0005949747448875,0.6931904761904762,1724843414.9939244,6076.015340946033,12,CONTINUE,InProgress,12,MHc-130_MA-90,ttZ,Combined,ParticleNetV2,Adam,ReduceLROnPlateau,0.0046452333997913,128,3.7198324391609886e-05,81,0.3,8546.686517806957
13,0.0005992087139614,0.0005801985416383,0.6975297619047619,0.0005948217511177,0.6953809523809524,1724843442.002697,6103.023740105913,12,CONTINUE,InProgress,13,MHc-130_MA-90,ttZ,Combined,ParticleNetV2,Adam,ReduceLROnPlateau,0.00498838449366,88,2.1929007603456557e-05,81,0.3,8576.779098980012
3,0.0006268299567202,0.0006095264614337,0.6665357142857142,0.0006228368424233,0.6663571428571429,1724843447.4566965,1487.0805114459945,2,CONTINUE,InProgress,18,MHc-130_MA-90,ttZ,Combined,ParticleNet,RMSprop,CyclicLR,0.0013157885237181,84,1.597252124507081e-05,81,0.3,8581.853349081939
8,0.0005914476569209,0.000572981990519,0.7075595238095238,0.0005871863492897,0.7051428571428572,1724843524.7222602,3760.024563553045,7,CONTINUE,InProgress,17,MHc-130_MA-90,ttZ,Combined,ParticleNetV2,RMSprop,ReduceLROnPlateau,0.0001007231845794,104,8.127581354339206e-05,81,0.3,8656.926038693986
19,0.0005976872465794,0.000579495255791,0.7000178571428571,0.000593489094859,0.6958571428571428,1724843570.1382473,8654.845551023027,18,CONTINUE,InProgress,0,MHc-130_MA-90,ttZ,Combined,ParticleNetV2,Adam,ExponentialLR,0.001,32,0.0003162277660168,81,0.3,8702.034367788932
19,0.0006245403848233,0.0006066703618991,0.6675059523809523,0.0006204165333793,0.6653095238095238,1724843574.07577,8653.934964515967,18,CONTINUE,InProgress,7,MHc-130_MA-90,ttZ,Combined,ParticleNetV2,RMSprop,ReduceLROnPlateau,0.0002208091354021,104,0.0001282209783495,81,0.3,8707.09625549498
3,0.0006211457396901,0.0006011079475283,0.66975,0.0006165216338066,0.6681190476190476,1724843611.8771312,1493.178300673957,2,CONTINUE,InProgress,20,MHc-130_MA-90,ttZ,Combined,ParticleNet,RMSprop,ExponentialLR,0.0018557845930638,52,1.082941664461586e-05,81,0.3,8747.130120140966
3,0.0006112046856255,0.0005910102356047,0.6826011904761905,0.0006065444279284,0.6818809523809524,1724843612.0945275,1493.395022082026,2,CONTINUE,InProgress,19,MHc-130_MA-90,ttZ,Combined,ParticleNet,RMSprop,ExponentialLR,0.0003646913488767,104,1.2851032636664024e-05,81,0.3,8747.141327808029
19,0.0005957112193462,0.0005772426458341,0.7023988095238095,0.0005914492408434,0.6978095238095238,1724843655.6738207,8740.381144379964,18,CONTINUE,InProgress,2,MHc-130_MA-90,ttZ,Combined,ParticleNet,Adam,ReduceLROnPlateau,0.0048431859060531,52,3.362765123217097e-05,81,0.3,8787.21934128704
20,0.0006043913356605,0.000587438955903,0.6899583333333333,0.0006004792480241,0.6921904761904762,1724843744.9721465,8829.679242255981,19,CONTINUE,InProgress,4,MHc-130_MA-90,ttZ,Combined,ParticleNet,Adam,CyclicLR,0.0001111160629864,84,0.0086547969131059,81,0.3,8877.364088990027
14,0.0005779366453488,0.0005608706147897,0.7205059523809524,0.0005739983306044,0.7170952380952381,1724843754.6403985,6415.661660542013,13,CONTINUE,InProgress,14,MHc-130_MA-90,ttZ,Combined,ParticleNet,Adam,ReduceLROnPlateau,0.0053643169257272,128,1.0171930750315692e-05,81,0.3,8887.441585396999
14,0.0006053574476923,0.0005881120406446,0.6878154761904762,0.0006013777383736,0.6864285714285714,1724843803.5304391,6464.1846112560015,13,CONTINUE,InProgress,16,MHc-130_MA-90,ttZ,Combined,ParticleNetV2,RMSprop,ReduceLROnPlateau,0.0002731296178094,104,0.0001730991070883,81,0.3,8937.489536685986
14,0.0006063436963018,0.000585879450043,0.6909047619047619,0.0006016211779344,0.6873095238095238,1724843871.0958009,6532.117216613027,13,CONTINUE,InProgress,12,MHc-130_MA-90,ttZ,Combined,ParticleNetV2,Adam,ReduceLROnPlateau,0.0046452333997913,128,3.7198324391609886e-05,81,0.3,9002.597365948954
4,0.0006536897420173,0.000632976605069,0.6136488095238095,0.0006489097873369,0.6124285714285714,1724843904.995691,1944.619504046976,3,CONTINUE,InProgress,18,MHc-130_MA-90,ttZ,Combined,ParticleNet,RMSprop,CyclicLR,0.0013157885237181,84,1.597252124507081e-05,81,0.3,9037.696617753012
14,0.0005992044599638,0.0005801804849789,0.6989464285714285,0.0005948143118903,0.6951666666666667,1724843906.3343189,6567.35536151391,13,CONTINUE,InProgress,13,MHc-130_MA-90,ttZ,Combined,ParticleNetV2,Adam,ReduceLROnPlateau,0.00498838449366,88,2.1929007603456557e-05,81,0.3,9037.707789920038
9,0.0005825203440728,0.0005659004882687,0.715827380952381,0.0005786849927334,0.7135476190476191,1724843977.5431793,4212.845475642942,8,CONTINUE,InProgress,17,MHc-130_MA-90,ttZ,Combined,ParticleNetV2,RMSprop,ReduceLROnPlateau,0.0001007231845794,104,8.127581354339206e-05,81,0.3,9112.843322183006
20,0.0005944493134461,0.0005769598452108,0.7020357142857143,0.0005904132823149,0.7010714285714286,1724844005.4342177,9085.293413441976,19,CONTINUE,InProgress,7,MHc-130_MA-90,ttZ,Combined,ParticleNetV2,RMSprop,ReduceLROnPlateau,0.0002208091354021,104,0.0001282209783495,81,0.3,9137.930193696986
20,0.0005974610382602,0.0005788144511835,0.6996428571428571,0.000593157979704,0.6961190476190476,1724844022.7064772,9107.413779425086,19,CONTINUE,InProgress,0,MHc-130_MA-90,ttZ,Combined,ParticleNetV2,Adam,ExponentialLR,0.001,32,0.0003162277660168,81,0.3,9158.023934511002
4,0.0006004685220973,0.0005824136968169,0.6964166666666667,0.0005963020239557,0.6952857142857143,1724844068.3667822,1949.6672749939607,3,CONTINUE,InProgress,19,MHc-130_MA-90,ttZ,Combined,ParticleNet,RMSprop,ExponentialLR,0.0003646913488767,104,1.2851032636664024e-05,81,0.3,9203.133961068
4,0.0006695398026279,0.000651694612134,0.6236785714285714,0.0006654216817447,0.6220476190476191,1724844069.652666,1950.9538363059985,3,CONTINUE,InProgress,20,MHc-130_MA-90,ttZ,Combined,ParticleNet,RMSprop,ExponentialLR,0.0018557845930638,52,1.082941664461586e-05,81,0.3,9203.145399190951
20,0.0005917874043186,0.0005733102709054,0.7066904761904762,0.000587523450454,0.7043333333333334,1724844103.9257994,9188.63312270795,19,CONTINUE,InProgress,2,MHc-130_MA-90,ttZ,Combined,ParticleNet,Adam,ReduceLROnPlateau,0.0048431859060531,52,3.362765123217097e-05,81,0.3,9238.237587532029
21,0.0006005579077062,0.0005845161946046,0.6936964285714285,0.0005968559739135,0.696047619047619,1724844184.3038542,9269.01094784902,20,CONTINUE,InProgress,4,MHc-130_MA-90,ttZ,Combined,ParticleNet,Adam,CyclicLR,0.0001111160629864,84,0.0086547969131059,81,0.3,9318.366483499996
15,0.0005701355118481,0.0005537005354251,0.7294226190476191,0.0005663428249813,0.7274285714285714,1724844208.3973904,6869.418653105036,14,CONTINUE,InProgress,14,MHc-130_MA-90,ttZ,Combined,ParticleNet,Adam,ReduceLROnPlateau,0.0053643169257272,128,1.0171930750315692e-05,81,0.3,9343.454400171991
15,0.0006045247291879,0.0005854611450007,0.6918690476190477,0.0006001254405294,0.6917857142857143,1724844263.5731835,6924.227354284027,14,STOP,InProgress,16,MHc-130_MA-90,ttZ,Combined,ParticleNetV2,RMSprop,ReduceLROnPlateau,0.0002731296178094,104,0.0001730991070883,81,0.3,9398.578060484026
15,0.0006144416603304,0.0005945638404006,0.6832559523809524,0.0006098544711158,0.6810238095238095,1724844327.4803336,6988.501750141033,14,STOP,InProgress,12,MHc-130_MA-90,ttZ,Combined,ParticleNetV2,Adam,ReduceLROnPlateau,0.0046452333997913,128,3.7198324391609886e-05,81,0.3,9459.483145255945
5,0.0006174608242298,0.0006005402040623,0.6742738095238096,0.0006135560657296,0.6738333333333333,1724844355.7673016,2395.3911151650827,4,STOP,InProgress,18,MHc-130_MA-90,ttZ,Combined,ParticleNet,RMSprop,CyclicLR,0.0013157885237181,84,1.597252124507081e-05,81,0.3,9490.087918880978
15,0.0006025902860221,0.0005833939853168,0.6970892857142857,0.0005981603704747,0.6944523809523809,1724844364.089018,7025.110058989958,14,CONTINUE,InProgress,13,MHc-130_MA-90,ttZ,Combined,ParticleNetV2,Adam,ReduceLROnPlateau,0.00498838449366,88,2.1929007603456557e-05,81,0.3,9495.79637281294
10,0.0005823780015465,0.0005658477200638,0.7145238095238096,0.0005785633212044,0.7118095238095238,1724844419.3497205,4654.652017166023,9,CONTINUE,InProgress,17,MHc-130_MA-90,ttZ,Combined,ParticleNetV2,RMSprop,ReduceLROnPlateau,0.0001007231845794,104,8.127581354339206e-05,81,0.3,9550.845459467031
21,0.000596255960138,0.0005772900872287,0.7022619047619048,0.0005918792202359,0.697595238095238,1724844425.2663145,9505.125506296989,20,CONTINUE,InProgress,7,MHc-130_MA-90,ttZ,Combined,ParticleNetV2,RMSprop,ReduceLROnPlateau,0.0002208091354021,104,0.0001282209783495,81,0.3,9555.926105986
21,0.0005986119921718,0.0005807784199714,0.6960595238095239,0.0005944965524332,0.6923095238095238,1724844454.3596013,9539.066906352991,20,CONTINUE,InProgress,0,MHc-130_MA-90,ttZ,Combined,ParticleNetV2,Adam,ExponentialLR,0.001,32,0.0003162277660168,81,0.3,9585.95035387599
5,0.0006614648575229,0.000642368791004,0.6389285714285714,0.0006570580729416,0.6355238095238095,1724844498.467568,2379.768740118016,4,STOP,InProgress,20,MHc-130_MA-90,ttZ,Combined,ParticleNet,RMSprop,ExponentialLR,0.0018557845930638,52,1.082941664461586e-05,81,0.3,9631.04485836695
5,0.0005968114064917,0.0005794596881383,0.6952678571428571,0.0005928071637948,0.6960714285714286,1724844507.2762272,2388.576721732039,4,CONTINUE,InProgress,19,MHc-130_MA-90,ttZ,Combined,ParticleNet,RMSprop,ExponentialLR,0.0003646913488767,104,1.2851032636664024e-05,81,0.3,9641.644498373964
21,0.0005968091912567,0.0005779953971505,0.6990178571428571,0.000592467546463,0.6958571428571428,1724844533.5939436,9618.301264426904,20,CONTINUE,InProgress,2,MHc-130_MA-90,ttZ,Combined,ParticleNet,Adam,ReduceLROnPlateau,0.0048431859060531,52,3.362765123217097e-05,81,0.3,9666.658372769947
22,0.000604955225154,0.0005896234239141,0.6867202380952381,0.0006014171171756,0.6886190476190476,1724844584.607875,9669.314967209008,21,CONTINUE,InProgress,4,MHc-130_MA-90,ttZ,Combined,ParticleNet,Adam,CyclicLR,0.0001111160629864,84,0.0086547969131059,81,0.3,9716.774418117013
16,0.0005721661956537,0.0005558624210811,0.7287380952380952,0.0005684037861369,0.7261428571428571,1724844633.345122,7294.366383369081,15,CONTINUE,InProgress,14,MHc-130_MA-90,ttZ,Combined,ParticleNet,Adam,ReduceLROnPlateau,0.0053643169257272,128,1.0171930750315692e-05,81,0.3,9766.876715015038
16,0.0006151114243836,0.0005958186941487,0.6807380952380953,0.0006106592558679,0.68,1724844779.65015,7440.671192523907,15,CONTINUE,InProgress,13,MHc-130_MA-90,ttZ,Combined,ParticleNetV2,Adam,ReduceLROnPlateau,0.00498838449366,88,2.1929007603456557e-05,81,0.3,9912.065224952996
22,0.0005967038909949,0.0005801545470243,0.6985,0.000592884811617,0.6978333333333333,1724844833.4099524,9913.269145924016,21,CONTINUE,InProgress,7,MHc-130_MA-90,ttZ,Combined,ParticleNetV2,RMSprop,ReduceLROnPlateau,0.0002208091354021,104,0.0001282209783495,81,0.3,9967.205145688027
11,0.000576790045592,0.0005624512011806,0.7200416666666667,0.0005734810814971,0.7186666666666667,1724844850.6354525,5085.937750275014,10,CONTINUE,InProgress,17,MHc-130_MA-90,ttZ,Combined,ParticleNetV2,RMSprop,ReduceLROnPlateau,0.0001007231845794,104,8.127581354339206e-05,81,0.3,9982.27924023394
22,0.0005986285647466,0.0005803630770671,0.6969702380952381,0.0005944134522052,0.694595238095238,1724844874.7756398,9959.482945010066,21,CONTINUE,InProgress,0,MHc-130_MA-90,ttZ,Combined,ParticleNetV2,Adam,ExponentialLR,0.001,32,0.0003162277660168,81,0.3,10007.383781909011
6,0.0005868071363795,0.0005697095330272,0.7097380952380953,0.0005828615356059,0.7065714285714285,1724844950.957557,2832.258051134995,5,CONTINUE,InProgress,19,MHc-130_MA-90,ttZ,Combined,ParticleNet,RMSprop,ExponentialLR,0.0003646913488767,104,1.2851032636664024e-05,81,0.3,10082.529620980027
22,0.0005899594130615,0.0005720498302862,0.7077619047619048,0.000585826432421,0.7064047619047619,1724844976.4820752,10061.189398822957,21,CONTINUE,InProgress,2,MHc-130_MA-90,ttZ,Combined,ParticleNet,Adam,ReduceLROnPlateau,0.0048431859060531,52,3.362765123217097e-05,81,0.3,10107.620356534026
23,0.0005973004506812,0.000582439775623,0.6965476190476191,0.0005938710641293,0.6969047619047619,1724845017.6639836,10102.371077078977,22,CONTINUE,InProgress,4,MHc-130_MA-90,ttZ,Combined,ParticleNet,Adam,CyclicLR,0.0001111160629864,84,0.0086547969131059,81,0.3,10152.735422207974
1,0.000635630496201,0.0006144307312511,0.661547619047619,0.000630738242751,0.6595238095238095,1724845055.0334587,564.278522106004,0,CONTINUE,InProgress,21,MHc-130_MA-90,ttZ,Combined,ParticleNetV2,RMSprop,ExponentialLR,0.0019101383071428,104,2.5701362621049785e-05,81,0.3,10187.847303326009
1,0.000629713384062,0.0006109376226862,0.6573392857142857,0.0006253805160522,0.6578095238095238,1724845059.3710663,568.616167031927,0,CONTINUE,InProgress,22,MHc-130_MA-90,ttZ,Combined,ParticleNet,Adam,ExponentialLR,0.0073643787604932,32,1.4071994017860917e-05,81,0.3,10192.930952333962
1,0.0006317790060525,0.0006134580125411,0.6534464285714285,0.000627551084473,0.6538809523809523,1724845066.4070292,575.652768220054,0,CONTINUE,InProgress,23,MHc-130_MA-90,ttZ,Combined,ParticleNet,RMSprop,ExponentialLR,0.0001648253878237,92,1.1882739099578048e-05,81,0.3,10197.934295668963
17,0.0005694705155988,0.0005554742461868,0.7273690476190476,0.000566240607273,0.7283095238095239,1724845085.6290798,7746.650342432084,16,CONTINUE,InProgress,14,MHc-130_MA-90,ttZ,Combined,ParticleNet,Adam,ReduceLROnPlateau,0.0053643169257272,128,1.0171930750315692e-05,81,0.3,10217.95669086196
17,0.0006181331274764,0.0005996498671315,0.66875,0.0006138677597045,0.666547619047619,1724845244.5717137,7905.592754166922,16,CONTINUE,InProgress,13,MHc-130_MA-90,ttZ,Combined,ParticleNetV2,Adam,ReduceLROnPlateau,0.00498838449366,88,2.1929007603456557e-05,81,0.3,10378.172941628029
23,0.0005975728599443,0.0005790180730677,0.7009345238095238,0.0005932909860497,0.6967857142857142,1724845267.0918334,10346.951028196956,22,CONTINUE,InProgress,7,MHc-130_MA-90,ttZ,Combined,ParticleNetV2,RMSprop,ReduceLROnPlateau,0.0002208091354021,104,0.0001282209783495,81,0.3,10398.266486636943
1,0.0006669132810263,0.0006477433145046,0.6150178571428572,0.0006624894425982,0.6160476190476191,1724845286.207846,585.1931045840029,0,CONTINUE,InProgress,24,MHc-130_MA-90,ttZ,Combined,ParticleNet,Adam,CyclicLR,0.001423132564063,88,1.0774869014675157e-05,81,0.3,10418.369557732947
12,0.0005776819092177,0.0005609056828987,0.7219821428571429,0.0005738104723748,0.7189523809523809,1724845310.3810928,5545.683391383034,11,CONTINUE,InProgress,17,MHc-130_MA-90,ttZ,Combined,ParticleNetV2,RMSprop,ReduceLROnPlateau,0.0001007231845794,104,8.127581354339206e-05,81,0.3,10443.461630175938
23,0.0005987695332439,0.0005791251109469,0.6999583333333333,0.0005942362050215,0.696952380952381,1724845315.9798367,10400.68714175606,22,CONTINUE,InProgress,0,MHc-130_MA-90,ttZ,Combined,ParticleNetV2,Adam,ExponentialLR,0.001,32,0.0003162277660168,81,0.3,10448.540999640012
7,0.0005823066684106,0.0005660910503495,0.7144285714285714,0.0005785646027042,0.7133809523809523,1724845407.894787,3289.195282035973,6,CONTINUE,InProgress,19,MHc-130_MA-90,ttZ,Combined,ParticleNet,RMSprop,ExponentialLR,0.0003646913488767,104,1.2851032636664024e-05,81,0.3,10538.61386508902
23,0.0005938658652915,0.0005756028816103,0.7031845238095238,0.0005896513305959,0.7006190476190476,1724845426.8404074,10511.54773116298,22,CONTINUE,InProgress,2,MHc-130_MA-90,ttZ,Combined,ParticleNet,Adam,ReduceLROnPlateau,0.0048431859060531,52,3.362765123217097e-05,81,0.3,10558.71745869401
24,0.0005919370345771,0.0005781895940502,0.7011726190476191,0.0005887645483016,0.7035,1724845449.6592717,10534.366365405964,23,CONTINUE,InProgress,4,MHc-130_MA-90,ttZ,Combined,ParticleNet,Adam,CyclicLR,0.0001111160629864,84,0.0086547969131059,81,0.3,10583.816878097015
2,0.0006214078252514,0.0006025935390165,0.6668809523809524,0.0006170660668895,0.6675,1724845513.5800316,1022.8250966860214,1,CONTINUE,InProgress,21,MHc-130_MA-90,ttZ,Combined,ParticleNetV2,RMSprop,ExponentialLR,0.0019101383071428,104,2.5701362621049785e-05,81,0.3,10648.952184312046
2,0.000625594481471,0.0006069878559736,0.6665833333333333,0.0006213006448178,0.6649761904761905,1724845516.2247698,1025.4698700789595,1,CONTINUE,InProgress,22,MHc-130_MA-90,ttZ,Combined,ParticleNet,Adam,ExponentialLR,0.0073643787604932,32,1.4071994017860917e-05,81,0.3,10648.965302192024
2,0.0006157186979694,0.0005980629825166,0.6766428571428571,0.0006116443020956,0.6781190476190476,1724845530.8558345,1040.1015787490178,1,CONTINUE,InProgress,23,MHc-130_MA-90,ttZ,Combined,ParticleNet,RMSprop,ExponentialLR,0.0001648253878237,92,1.1882739099578048e-05,81,0.3,10664.037682506954
18,0.0005705735676345,0.0005520106341157,0.7318571428571429,0.0005662898137455,0.729904761904762,1724845545.8035736,8206.824836426065,17,CONTINUE,InProgress,14,MHc-130_MA-90,ttZ,Combined,ParticleNet,Adam,ReduceLROnPlateau,0.0053643169257272,128,1.0171930750315692e-05,81,0.3,10679.127879702952
